ra,iaa_autoavaliacao,ida_desempenho_academico,ieg_engajamento_atividades,ipp_psicopedagogicos,ian_adequacao_nivel,ips_aspectos_psicossociais,ipv_ponto_virada,inde_indice_desen_educacional,requer_psicologia,atingiu_pv,defasagem,ano_arquivo,risco
RA-1,8.3,4.0,4.1,,5.0,5.6,7.28,5.78,Requer avaliação,Não,-1.0,2022,0
RA-1,,,,,10.0,,,5.78,,,,2023,0
RA-1,,,0.0,,10.0,,,5.78,,,,2024,0
RA-10,8.3,4.1,5.2,,5.0,5.0,7.06,5.78,Requer avaliação,Não,-1.0,2022,0
RA-100,8.8,7.6,7.8,,10.0,5.0,7.25,7.62,Não indicado,Não,1.0,2022,0
RA-1000,8.5,7.0,9.4,6.25,10.0,3.77,8.92,,,,,2023,0
RA-1000,9.0,7.75,9.55,8.13,10.0,6.26,7.84,,,,,2024,0
RA-1001,9.0,7.8,9.1,7.5,5.0,7.52,9.17,,,,,2023,1
RA-1001,7.5,7.75,9.35,7.92,5.0,7.51,7.92,,,,,2024,0
RA-1002,9.0,7.0,9.7,6.25,5.0,7.52,8.92,,,,,2023,0
RA-1002,9.0,9.25,7.83,7.5,5.0,7.51,8.25,,,,,2024,0
RA-1003,9.0,4.0,8.5,7.5,10.0,7.52,8.75,,,,,2023,0
RA-1003,8.0,8.25,8.69,6.88,5.0,7.51,7.5,,,,,2024,0
RA-1004,9.0,7.9,9.6,6.88,10.0,7.52,7.42,,,,,2023,1
RA-1004,9.5,7.5,9.25,7.5,5.0,7.51,7.5,,,,,2024,0
RA-1005,9.5,8.8,7.9,7.5,10.0,7.52,8.17,,,,,2023,0
RA-1006,9.0,8.7,9.3,7.5,10.0,7.52,8.0,,,,,2023,1
RA-1006,8.5,5.0,8.44,7.5,5.0,7.51,7.5,,,,,2024,0
RA-1007,9.0,8.3,7.4,7.5,10.0,7.52,7.68,,,,,2023,0
RA-1008,9.0,8.4,8.6,5.94,10.0,7.52,7.5,,,,,2023,1
RA-1008,7.0,7.0,6.48,7.19,5.0,7.51,7.5,,,,,2024,0
RA-1009,0.0,8.8,9.0,7.5,10.0,3.77,7.84,,,,,2023,1
RA-1009,8.0,7.5,6.89,6.56,5.0,2.51,6.55,,,,,2024,0
RA-101,7.9,7.6,8.3,,5.0,7.5,6.83,7.31,Não atendido,Não,-1.0,2022,0
RA-1010,9.5,9.4,10.0,7.81,10.0,3.77,8.59,,,,,2023,0
RA-1011,9.5,5.2,8.6,7.19,10.0,3.77,7.68,,,,,2023,0
RA-1012,10.0,6.6,9.9,7.19,10.0,3.77,7.85,,,,,2023,0
RA-1012,9.5,9.75,9.52,8.13,5.0,2.51,8.44,,,,,2024,0
RA-1013,9.0,8.3,9.6,5.63,10.0,4.39,5.76,,,,,2023,1
RA-1013,9.0,7.75,5.69,5.0,5.0,2.51,4.72,,,,,2024,0
RA-1014,9.0,8.2,9.7,7.5,10.0,3.77,8.26,,,,,2023,1
RA-1014,8.5,5.25,7.89,6.88,5.0,2.51,7.0,,,,,2024,0
RA-1015,10.0,6.3,9.3,7.34,5.0,6.27,7.79,,,,,2023,1
RA-1015,7.92,4.0,7.82,6.04,10.0,7.51,5.66,,,,,2024,0
RA-1016,10.0,6.7,9.5,7.34,5.0,7.52,7.73,,,,,2023,0
RA-1017,0.0,7.7,8.0,7.5,5.0,5.02,8.12,,,,,2023,1
RA-1017,9.5,5.0,7.81,7.19,10.0,6.26,7.44,,,,,2024,0
RA-1018,0.0,6.3,8.5,7.5,10.0,5.02,8.06,,,,,2023,0
RA-1018,8.5,8.25,7.73,8.44,5.0,6.26,8.45,,,,,2024,0
RA-1019,7.5,4.3,9.1,6.88,10.0,5.02,7.84,,,,,2023,0
RA-1019,9.5,8.75,9.31,7.81,10.0,6.26,8.62,,,,,2024,0
RA-102,6.7,5.7,7.7,,10.0,6.9,6.0,6.92,Requer avaliação,Não,0.0,2022,0
RA-1020,10.0,6.1,9.1,7.19,10.0,2.52,8.06,,,,,2023,0
RA-1020,9.0,9.0,9.77,8.44,10.0,6.88,8.84,,,,,2024,0
RA-1021,8.0,3.3,9.2,7.19,10.0,3.77,7.89,,,,,2023,0
RA-1021,9.5,8.0,9.32,8.44,5.0,7.51,7.95,,,,,2024,0
RA-1022,8.5,4.7,8.5,7.19,10.0,3.77,7.89,,,,,2023,0
RA-1022,9.5,6.5,9.32,7.5,5.0,6.26,8.12,,,,,2024,0
RA-1023,10.0,9.1,10.0,8.75,10.0,6.27,9.06,,,,,2023,0
RA-1023,9.5,9.5,9.51,8.96,10.0,9.38,9.56,,,,,2024,0
RA-1024,0.0,9.8,10.0,9.22,5.0,6.27,8.95,,,,,2023,0
RA-1024,8.0,10.0,10.0,8.44,5.0,7.51,8.78,,,,,2024,0
RA-1025,8.5,7.5,8.9,7.66,10.0,7.52,7.84,,,,,2023,0
RA-1025,9.0,9.0,7.73,8.44,5.0,7.51,7.78,,,,,2024,0
RA-1026,8.5,3.2,9.8,6.41,2.5,7.52,7.06,,,,,2023,0
RA-1027,9.5,6.0,9.7,7.5,5.0,7.52,8.33,,,,,2023,1
RA-1027,9.5,5.25,10.0,7.92,10.0,7.51,8.39,,,,,2024,0
RA-1028,0.0,5.0,9.2,7.34,5.0,7.52,7.95,,,,,2023,0
RA-1028,8.0,7.5,7.06,6.88,5.0,5.63,8.39,,,,,2024,0
RA-1029,10.0,5.4,6.3,7.5,10.0,3.77,8.01,,,,,2023,0
RA-1029,9.0,8.75,8.8,7.5,5.0,6.89,7.25,,,,,2024,0
RA-103,7.9,7.3,8.7,,10.0,7.5,7.71,8.11,Não atendido,Não,1.0,2022,1
RA-103,8.3,7.1,9.2,8.13,10.0,5.0,8.09,8.11,,,,2023,0
RA-103,8.33,9.17,9.6,7.88,10.0,6.26,8.87,8.11,,,,2024,0
RA-1030,8.5,6.9,9.7,6.88,5.0,3.77,8.39,,,,,2023,0
RA-1030,7.42,8.0,8.28,7.81,10.0,4.39,7.61,,,,,2024,0
RA-1031,8.0,5.9,8.8,6.67,5.0,7.52,7.01,,,,,2023,0
RA-1031,9.5,6.25,8.64,5.31,5.0,7.51,5.83,,,,,2024,0
RA-1032,8.5,6.0,9.5,7.29,5.0,7.52,7.56,,,,,2023,0
RA-1032,8.5,8.0,9.75,7.81,5.0,7.51,7.92,,,,,2024,0
RA-1033,9.0,7.9,8.9,8.13,5.0,7.52,9.01,,,,,2023,0
RA-1034,7.5,8.3,9.0,8.33,5.0,7.52,8.39,,,,,2023,1
RA-1034,7.5,7.5,8.08,7.71,10.0,7.51,8.22,,,,,2024,0
RA-1035,0.0,5.8,8.3,7.71,10.0,7.52,7.78,,,,,2023,0
RA-1035,9.5,7.0,9.02,8.44,5.0,7.51,7.92,,,,,2024,0
RA-1036,0.0,8.0,9.6,9.06,5.0,3.77,8.34,,,,,2023,1
RA-1036,10.0,7.0,9.09,7.66,10.0,7.51,7.75,,,,,2024,0
RA-1037,9.0,6.7,8.4,8.59,5.0,7.52,8.17,,,,,2023,0
RA-1038,8.0,6.5,9.3,8.91,5.0,7.52,8.17,,,,,2023,0
RA-1038,8.0,8.5,7.54,7.5,10.0,7.51,7.27,,,,,2024,0
RA-1039,8.0,6.2,9.9,8.13,5.0,7.52,8.06,,,,,2023,0
RA-1039,8.0,7.25,9.72,7.5,5.0,7.51,6.77,,,,,2024,0
RA-104,7.9,3.7,8.7,,2.5,7.5,6.71,6.32,Não atendido,Não,-4.0,2022,1
RA-104,0.0,2.6,7.7,5.63,2.5,2.52,5.63,6.32,,,,2023,0
RA-1040,10.0,6.6,9.3,7.81,5.0,7.52,8.06,,,,,2023,0
RA-1040,9.5,8.25,8.54,7.5,5.0,7.51,7.27,,,,,2024,0
RA-1041,10.0,3.3,7.2,7.81,5.0,7.52,8.0,,,,,2023,0
RA-1042,0.0,4.3,6.5,7.71,5.0,3.77,7.67,,,,,2023,0
RA-1043,10.0,2.5,7.9,7.71,5.0,6.27,7.83,,,,,2023,0
RA-1043,10.0,8.25,7.99,7.29,5.0,7.51,6.55,,,,,2024,0
RA-1044,8.0,6.1,9.7,7.5,5.0,7.52,8.34,,,,,2023,0
RA-1044,7.5,7.0,9.52,7.19,10.0,7.51,7.21,,,,,2024,0
RA-1045,9.5,7.9,9.4,7.71,5.0,7.52,8.28,,,,,2023,0
RA-1046,0.0,6.3,8.5,8.54,10.0,3.77,8.22,,,,,2023,0
RA-1047,10.0,6.9,8.5,8.13,10.0,3.77,7.89,,,,,2023,0
RA-1048,8.5,8.2,9.5,8.54,5.0,3.77,8.5,,,,,2023,1
RA-1048,8.5,6.25,6.83,7.71,10.0,6.26,8.28,,,,,2024,0
RA-1049,10.0,6.3,7.7,8.13,5.0,7.52,7.94,,,,,2023,1
RA-1049,9.5,4.5,8.03,7.66,5.0,7.51,6.75,,,,,2024,0
RA-105,7.9,6.7,8.2,,2.5,5.6,7.42,6.85,Requer avaliação,Não,-3.0,2022,0
RA-1050,9.0,7.2,9.2,8.13,5.0,6.27,8.22,,,,,2023,0
RA-1051,8.5,8.4,8.9,8.75,10.0,6.27,8.61,,,,,2023,0
RA-1052,0.0,5.3,9.0,7.92,10.0,7.52,7.83,,,,,2023,0
RA-1052,5.83,8.25,9.13,8.59,5.0,6.26,8.5,,,,,2024,0
RA-1053,0.0,8.6,9.1,8.96,10.0,6.27,8.62,,,,,2023,0
RA-1054,8.5,6.6,8.6,7.5,5.0,7.52,7.84,,,,,2023,1
RA-1054,9.5,6.25,7.33,7.19,5.0,7.51,6.75,,,,,2024,0
RA-1055,0.0,5.5,7.2,7.29,5.0,7.52,7.28,,,,,2023,0
RA-1055,10.0,5.5,5.8,7.19,5.0,7.51,5.87,,,,,2024,0
RA-1056,8.5,8.1,9.6,7.97,10.0,7.52,8.11,,,,,2023,0
RA-1056,8.5,8.25,9.29,9.17,5.0,7.51,8.34,,,,,2024,0
RA-1057,10.0,6.3,10.0,8.13,10.0,7.52,8.34,,,,,2023,0
RA-1057,10.0,8.0,10.0,8.75,5.0,6.26,8.17,,,,,2024,0
RA-1058,10.0,5.4,8.7,7.08,10.0,3.14,7.62,,,,,2023,0
RA-1058,9.17,7.75,8.1,8.13,5.0,6.88,8.09,,,,,2024,0
RA-1059,10.0,7.6,9.8,7.97,5.0,2.52,8.67,,,,,2023,1
RA-1059,8.0,7.5,10.0,9.06,10.0,6.26,9.23,,,,,2024,0
RA-106,9.2,7.4,8.0,,5.0,9.4,8.38,7.97,Sem limitações,Sim,-1.0,2022,1
RA-106,7.9,7.3,9.1,7.03,10.0,5.0,7.51,7.97,,,,2023,1
RA-106,9.17,5.67,8.76,7.81,10.0,5.64,7.87,7.97,,,,2024,0
RA-1060,9.0,5.7,8.6,7.97,5.0,3.14,8.67,,,,,2023,1
RA-1060,9.59,3.25,6.0,7.81,10.0,6.26,6.16,,,,,2024,0
RA-1061,9.5,9.3,9.7,8.75,5.0,3.14,8.84,,,,,2023,1
RA-1061,8.5,8.5,10.0,8.44,10.0,6.26,8.73,,,,,2024,0
RA-1062,7.4,6.2,7.7,8.59,10.0,3.77,8.5,,,,,2023,0
RA-1062,8.0,7.25,9.05,8.75,5.0,5.63,8.09,,,,,2024,0
RA-1063,9.5,5.9,9.5,6.41,5.0,7.52,7.89,,,,,2023,0
RA-1063,5.25,7.75,9.75,7.81,5.0,7.51,6.11,,,,,2024,0
RA-1064,8.5,8.6,9.8,9.38,5.0,7.52,8.84,,,,,2023,1
RA-1064,9.5,8.5,9.74,8.75,10.0,7.51,8.78,,,,,2024,0
RA-1065,8.5,7.0,9.6,8.44,5.0,7.52,8.84,,,,,2023,0
RA-1065,9.5,9.25,8.82,9.06,10.0,6.26,8.84,,,,,2024,0
RA-1066,8.5,6.2,6.6,8.44,5.0,7.52,8.78,,,,,2023,0
RA-1066,9.5,7.25,8.4,7.5,10.0,6.26,7.39,,,,,2024,0
RA-1067,0.0,5.4,7.9,8.28,5.0,7.52,9.01,,,,,2023,0
RA-1067,10.0,6.75,8.33,8.54,5.0,7.51,8.59,,,,,2024,0
RA-1068,8.5,9.0,9.3,9.17,5.0,6.89,9.28,,,,,2023,0
RA-1068,9.5,9.5,9.07,8.54,10.0,7.51,8.73,,,,,2024,0
RA-1069,9.0,7.1,7.8,8.13,5.0,7.52,8.23,,,,,2023,1
RA-1069,9.0,6.25,7.08,8.13,10.0,7.51,7.75,,,,,2024,0
RA-107,7.5,4.6,6.4,,5.0,7.5,6.5,6.26,Sem limitações,Não,-1.0,2022,0
RA-107,0.0,7.0,8.5,7.34,10.0,5.0,7.59,6.26,,,,2023,1
RA-107,7.5,4.67,7.99,7.5,5.0,7.51,6.96,6.26,,,,2024,0
RA-1070,9.0,5.8,7.8,7.71,5.0,3.14,8.67,,,,,2023,1
RA-1070,9.0,2.25,9.31,6.88,5.0,5.64,6.62,,,,,2024,0
RA-1071,9.0,3.5,8.6,5.63,5.0,7.52,6.4,,,,,2023,0
RA-1071,8.0,4.5,4.19,4.17,5.0,7.51,3.0,,,,,2024,0
RA-1072,9.0,6.7,8.6,8.13,10.0,5.0,8.71,,,,,2023,0
RA-1072,8.75,8.17,5.63,7.97,10.0,8.76,7.55,,,,,2024,0
RA-1073,0.0,6.2,8.8,8.33,5.0,2.52,9.05,,,,,2023,0
RA-1073,9.17,6.5,6.37,6.88,10.0,7.5,5.79,,,,,2024,0
RA-1074,0.0,6.0,9.8,7.08,5.0,2.52,7.88,,,,,2023,0
RA-1075,0.0,5.5,9.6,7.71,5.0,5.0,9.0,,,,,2023,0
RA-1075,7.5,6.0,8.52,7.71,5.0,3.76,7.55,,,,,2024,0
RA-1076,9.0,8.5,9.7,8.33,5.0,2.52,8.88,,,,,2023,1
RA-1076,8.33,6.33,7.78,7.03,10.0,8.13,6.54,,,,,2024,0
RA-1077,0.0,7.3,9.7,8.75,10.0,2.52,8.42,,,,,2023,1
RA-1077,0.0,2.0,7.7,6.41,10.0,6.89,6.37,,,,,2024,0
RA-1078,5.3,6.4,6.8,8.96,5.0,2.52,8.3,,,,,2023,0
RA-1079,9.0,7.6,8.1,7.08,5.0,2.52,7.13,,,,,2023,1
RA-1079,7.5,6.33,4.52,4.22,10.0,2.51,4.16,,,,,2024,0
RA-108,4.6,5.0,7.7,,2.5,5.0,6.13,5.55,Não indicado,Não,-3.0,2022,1
RA-108,5.8,2.9,7.3,4.38,5.0,2.52,5.59,5.55,,,,2023,0
RA-1080,7.9,1.5,10.0,8.54,5.0,5.0,8.13,,,,,2023,0
RA-1081,10.0,6.5,10.0,8.96,5.0,2.52,8.59,,,,,2023,0
RA-1081,6.67,8.83,9.52,9.17,10.0,5.01,8.95,,,,,2024,0
RA-1082,9.5,5.0,9.5,8.75,5.0,2.52,8.42,,,,,2023,1
RA-1082,7.5,3.75,7.57,7.08,5.0,10.0,6.94,,,,,2024,0
RA-1083,6.8,7.5,10.0,8.75,10.0,5.0,8.38,,,,,2023,0
RA-1084,8.4,6.8,10.0,8.75,10.0,2.52,8.38,,,,,2023,1
RA-1084,8.75,3.67,7.71,7.03,10.0,5.63,7.46,,,,,2024,0
RA-1085,0.0,6.7,9.8,8.96,5.0,2.52,8.13,,,,,2023,0
RA-1086,8.5,5.7,9.4,8.75,5.0,2.52,8.76,,,,,2023,0
RA-1087,10.0,5.4,9.5,8.75,5.0,2.52,8.05,,,,,2023,1
RA-1087,7.92,2.67,8.39,7.19,10.0,8.76,6.58,,,,,2024,0
RA-1088,9.5,6.8,9.8,8.75,5.0,2.52,7.92,,,,,2023,0
RA-1089,9.0,7.0,9.5,8.75,10.0,2.52,8.34,,,,,2023,1
RA-1089,9.17,6.83,7.04,7.19,10.0,8.13,7.0,,,,,2024,0
RA-109,8.8,8.4,10.0,,5.0,8.8,8.67,8.51,Sem limitações,Sim,-2.0,2022,1
RA-109,8.3,8.3,9.9,8.75,5.0,7.52,8.59,8.51,,,,2023,0
RA-1090,9.0,9.0,9.6,8.96,5.0,2.52,7.88,,,,,2023,1
RA-1090,9.59,6.33,7.62,7.81,10.0,7.51,7.42,,,,,2024,0
RA-1091,8.5,9.5,9.0,8.96,5.0,2.52,9.17,,,,,2023,0
RA-1092,7.8,6.9,9.8,8.75,5.0,2.52,8.3,,,,,2023,0
RA-1093,7.0,9.2,9.3,8.96,10.0,2.52,8.3,,,,,2023,1
RA-1093,7.5,8.67,7.72,8.91,10.0,8.13,8.88,,,,,2024,0
RA-1094,7.8,8.5,9.5,8.75,10.0,2.52,8.34,,,,,2023,1
RA-1094,9.17,7.33,9.52,8.44,10.0,2.51,8.17,,,,,2024,0
RA-1095,0.0,5.3,9.8,8.75,5.0,2.52,8.01,,,,,2023,1
RA-1095,7.5,2.33,7.85,5.47,10.0,7.51,5.13,,,,,2024,0
RA-1096,9.5,9.6,9.9,8.96,10.0,2.52,8.09,,,,,2023,1
RA-1096,9.17,8.5,9.87,9.06,10.0,8.76,9.09,,,,,2024,0
RA-1097,9.5,5.4,8.6,8.13,5.0,5.0,6.96,,,,,2023,1
RA-1097,10.0,3.0,4.85,6.04,5.0,6.25,5.88,,,,,2024,0
RA-1098,9.5,6.4,9.5,8.13,5.0,2.52,7.92,,,,,2023,1
RA-1098,8.75,3.5,5.82,7.34,10.0,7.51,6.75,,,,,2024,0
RA-1099,9.0,5.2,9.6,8.33,5.0,2.52,8.34,,,,,2023,1
RA-1099,8.33,3.83,8.13,7.81,10.0,10.0,6.62,,,,,2024,0
RA-11,9.2,3.0,4.2,,5.0,5.0,6.39,5.32,Requer avaliação,Não,-1.0,2022,0
RA-110,9.2,6.7,9.7,,10.0,5.6,8.0,8.15,Requer avaliação,Não,0.0,2022,0
RA-110,8.3,7.5,8.6,8.75,10.0,5.0,8.3,8.15,,,,2023,0
RA-110,9.17,8.5,9.7,7.5,10.0,6.26,8.5,8.15,,,,2024,0
RA-1100,10.0,7.1,9.2,8.54,10.0,5.0,8.28,,,,,2023,1
RA-1100,7.5,4.67,7.1,6.72,10.0,7.51,5.62,,,,,2024,0
RA-1101,0.0,5.3,7.2,8.33,10.0,5.0,8.12,,,,,2023,0
RA-1102,9.5,7.5,9.5,7.71,10.0,5.0,7.56,,,,,2023,0
RA-1102,8.75,9.33,9.39,5.94,10.0,8.13,7.07,,,,,2024,0
RA-1103,9.0,5.0,8.7,8.33,10.0,5.0,8.01,,,,,2023,0
RA-1103,8.5,7.25,7.76,7.5,10.0,7.51,7.54,,,,,2024,0
RA-1104,5.7,6.4,10.0,8.54,5.0,2.52,9.06,,,,,2023,0
RA-1105,0.0,6.0,9.0,8.13,5.0,2.52,8.67,,,,,2023,0
RA-1106,8.5,5.1,9.3,8.33,5.0,5.0,8.0,,,,,2023,1
RA-1106,8.33,0.0,5.43,7.66,10.0,7.51,7.5,,,,,2024,0
RA-1107,9.0,7.5,9.4,8.96,5.0,5.0,8.78,,,,,2023,1
RA-1107,8.75,2.5,6.2,7.5,10.0,2.51,6.79,,,,,2024,0
RA-1108,0.0,4.7,9.3,8.54,5.0,5.0,8.28,,,,,2023,1
RA-1108,9.17,3.67,3.75,7.19,10.0,8.13,5.42,,,,,2024,0
RA-1109,10.0,3.4,6.4,7.5,5.0,5.0,7.84,,,,,2023,0
RA-111,7.5,8.0,9.4,,10.0,8.1,8.67,8.65,Sem limitações,Sim,1.0,2022,1
RA-111,7.5,6.0,8.7,7.66,10.0,5.0,8.09,8.65,,,,2023,0
RA-111,9.17,8.33,9.49,8.13,10.0,6.26,8.74,8.65,,,,2024,0
RA-1110,4.6,6.8,9.2,8.54,5.0,5.0,8.73,,,,,2023,0
RA-1111,0.0,5.4,8.9,8.13,10.0,2.52,8.17,,,,,2023,1
RA-1111,6.25,5.0,4.6,6.56,10.0,7.5,5.82,,,,,2024,0
RA-1112,9.5,6.3,7.9,8.33,5.0,2.52,8.62,,,,,2023,1
RA-1112,9.59,4.0,9.03,5.38,10.0,8.14,4.71,,,,,2024,0
RA-1113,0.0,5.0,6.0,7.5,5.0,7.52,7.17,,,,,2023,0
RA-1114,8.5,4.9,9.8,8.13,10.0,2.52,8.56,,,,,2023,0
RA-1114,8.75,5.0,9.53,8.38,10.0,2.51,7.84,,,,,2024,0
RA-1115,0.0,4.0,8.3,7.5,10.0,7.52,7.56,,,,,2023,0
RA-1115,8.0,6.25,4.27,7.5,10.0,7.51,5.83,,,,,2024,0
RA-1116,9.5,4.9,9.2,7.08,5.0,5.0,7.39,,,,,2023,1
RA-1116,0.0,2.33,3.36,5.13,5.0,6.26,5.07,,,,,2024,0
RA-1117,9.0,7.3,9.6,7.71,10.0,7.52,7.95,,,,,2023,1
RA-1117,8.75,5.67,8.31,8.13,10.0,7.51,6.83,,,,,2024,0
RA-1118,5.3,6.0,8.8,7.71,5.0,7.52,8.28,,,,,2023,1
RA-1118,7.08,3.83,7.85,6.75,10.0,9.38,6.87,,,,,2024,0
RA-1119,7.3,5.9,9.7,7.71,5.0,3.77,8.45,,,,,2023,1
RA-1119,9.59,5.67,8.72,7.63,5.0,7.51,7.7,,,,,2024,0
RA-112,7.9,8.5,7.8,,5.0,6.3,8.83,7.84,Sem limitações,Sim,-1.0,2022,1
RA-112,6.7,7.4,8.1,7.97,5.0,5.0,7.92,7.84,,,,2023,0
RA-112,7.08,8.0,7.98,7.97,10.0,7.51,8.0,7.84,,,,2024,0
RA-1120,9.5,8.3,9.6,8.96,10.0,7.52,9.68,,,,,2023,0
RA-1121,0.0,8.0,9.9,8.75,10.0,6.26,9.84,,,,,2023,1
RA-1121,9.59,6.67,10.0,7.08,10.0,7.51,8.28,,,,,2024,0
RA-1122,0.0,6.9,9.3,7.29,10.0,6.89,8.62,,,,,2023,1
RA-1122,8.75,5.33,9.86,7.08,10.0,7.51,7.22,,,,,2024,0
RA-1123,7.3,5.3,8.9,7.08,5.0,7.52,7.11,,,,,2023,0
RA-1124,9.5,3.0,8.0,7.08,5.0,7.52,7.79,,,,,2023,0
RA-1125,4.7,4.0,7.9,6.67,10.0,7.52,6.95,,,,,2023,0
RA-1126,0.0,,5.2,7.29,5.0,3.77,7.06,,,,,2023,0
RA-1127,8.5,6.9,9.9,8.13,10.0,5.02,9.01,,,,,2023,1
RA-1127,9.17,5.83,10.0,8.13,10.0,7.51,7.67,,,,,2024,0
RA-1128,9.5,3.5,7.3,7.92,5.0,5.02,7.5,,,,,2023,0
RA-1129,0.0,7.8,9.2,7.92,10.0,6.27,7.5,,,,,2023,1
RA-1129,9.17,6.83,7.14,6.88,10.0,8.13,5.75,,,,,2024,0
RA-113,0.0,3.7,0.0,,5.0,5.0,3.79,3.03,Não indicado,Não,-1.0,2022,0
RA-113,8.75,6.67,7.06,7.5,5.0,7.51,7.11,3.03,,,,2024,0
RA-1130,8.5,7.3,8.4,7.71,10.0,7.52,7.5,,,,,2023,1
RA-1130,8.75,4.33,6.28,6.88,10.0,8.13,5.33,,,,,2024,0
RA-1131,7.9,9.1,9.9,8.75,5.0,5.02,9.29,,,,,2023,1
RA-1131,8.33,8.33,9.28,7.29,10.0,6.26,7.89,,,,,2024,0
RA-1132,10.0,5.8,6.3,7.92,5.0,6.27,7.5,,,,,2023,0
RA-1133,9.5,6.5,10.0,8.54,10.0,6.27,9.34,,,,,2023,1
RA-1133,9.17,4.5,9.84,8.13,10.0,8.75,8.83,,,,,2024,0
RA-1134,8.0,6.8,9.7,7.92,10.0,3.76,7.56,,,,,2023,1
RA-1134,8.75,6.0,8.91,7.71,10.0,7.51,6.88,,,,,2024,0
RA-1135,0.0,7.2,9.4,8.13,10.0,7.52,7.9,,,,,2023,0
RA-1136,6.8,6.6,8.1,8.33,5.0,2.52,7.72,,,,,2023,1
RA-1136,8.75,1.67,4.55,7.5,5.0,8.14,6.38,,,,,2024,0
RA-1137,9.5,6.5,9.8,9.38,10.0,6.27,9.84,,,,,2023,1
RA-1137,8.33,3.5,7.59,8.28,10.0,8.13,7.46,,,,,2024,0
RA-1138,9.0,9.3,9.2,9.17,5.0,6.27,8.57,,,,,2023,0
RA-1139,8.5,5.3,9.1,8.13,10.0,5.64,7.79,,,,,2023,1
RA-1139,8.33,4.67,6.15,7.5,10.0,7.51,7.04,,,,,2024,0
RA-114,7.9,5.3,6.3,,5.0,7.5,5.0,5.89,Sem limitações,Não,-2.0,2022,0
RA-114,0.0,5.6,6.0,7.5,5.0,3.14,7.26,5.89,,,,2023,0
RA-1140,4.7,7.3,8.7,7.71,10.0,7.52,7.62,,,,,2023,1
RA-1140,6.83,7.0,6.11,8.13,10.0,7.51,7.39,,,,,2024,0
RA-1141,9.0,5.9,8.8,7.71,5.0,7.52,7.11,,,,,2023,1
RA-1141,9.59,4.17,6.19,6.56,10.0,7.51,6.78,,,,,2024,0
RA-1142,9.0,10.0,10.0,8.54,10.0,7.52,8.34,,,,,2023,1
RA-1142,8.33,8.5,9.13,8.13,10.0,7.51,7.34,,,,,2024,0
RA-1143,8.8,5.3,7.0,7.5,5.0,6.26,6.21,,,,,2023,1
RA-1143,9.59,3.17,5.2,7.03,2.5,9.38,6.79,,,,,2024,0
RA-1144,0.0,8.0,9.4,8.28,10.0,5.02,8.0,,,,,2023,0
RA-1145,0.0,7.8,9.5,8.59,10.0,4.39,8.63,,,,,2023,0
RA-1146,9.6,3.7,8.8,7.19,5.0,6.26,6.97,,,,,2023,1
RA-1146,10.0,2.0,5.02,6.25,5.0,6.88,5.88,,,,,2024,0
RA-1147,8.3,6.7,8.3,7.19,5.0,6.26,7.01,,,,,2023,1
RA-1147,8.75,3.17,6.13,6.25,5.0,8.76,5.5,,,,,2024,0
RA-1148,7.9,5.7,8.6,7.5,10.0,3.77,7.21,,,,,2023,0
RA-1149,8.3,7.2,9.8,7.97,5.0,2.52,8.17,,,,,2023,1
RA-1149,8.33,6.0,10.0,8.63,5.0,10.0,8.71,,,,,2024,0
RA-115,8.3,3.8,6.8,,5.0,6.3,5.58,5.89,Requer avaliação,Não,-2.0,2022,0
RA-115,8.8,4.2,7.1,7.34,5.0,5.0,7.22,5.89,,,,2023,1
RA-115,7.92,4.17,4.16,6.75,5.0,6.26,5.73,5.89,,,,2024,0
RA-1150,9.2,6.7,9.8,7.97,2.5,2.52,7.84,,,,,2023,0
RA-1150,8.33,6.83,6.48,7.66,5.0,7.51,7.95,,,,,2024,0
RA-1151,7.5,8.3,9.5,7.66,10.0,2.52,7.55,,,,,2023,0
RA-1151,7.5,9.0,9.72,8.13,10.0,5.64,9.39,,,,,2024,0
RA-1152,0.0,6.8,9.4,7.81,5.0,5.0,7.59,,,,,2023,0
RA-1153,7.9,7.2,10.0,7.66,5.0,7.52,8.63,,,,,2023,0
RA-1153,8.75,8.5,9.7,8.75,5.0,5.64,9.07,,,,,2024,0
RA-1154,9.6,5.1,9.3,7.66,10.0,5.63,7.67,,,,,2023,0
RA-1154,7.92,8.0,9.2,7.34,5.0,7.51,6.75,,,,,2024,0
RA-1155,9.2,8.0,9.2,7.5,5.0,5.63,8.29,,,,,2023,1
RA-1155,8.33,4.67,8.89,8.0,5.0,5.01,8.87,,,,,2024,0
RA-1156,8.3,5.3,9.2,7.97,10.0,2.52,7.79,,,,,2023,1
RA-1156,7.5,2.0,7.82,7.13,10.0,7.51,7.5,,,,,2024,0
RA-1157,9.2,5.7,8.8,7.5,5.0,6.26,7.0,,,,,2023,0
RA-1157,9.59,7.0,9.08,7.97,5.0,7.51,8.47,,,,,2024,0
RA-1158,7.5,4.3,8.6,7.5,5.0,2.52,7.34,,,,,2023,0
RA-1159,5.8,3.1,6.6,7.19,10.0,2.52,7.13,,,,,2023,0
RA-116,5.8,5.9,8.1,,5.0,6.3,7.79,6.85,Sem limitações,Não,-2.0,2022,1
RA-116,6.7,4.7,7.6,7.97,5.0,5.0,7.55,6.85,,,,2023,1
RA-116,8.33,4.5,7.54,6.88,5.0,5.64,6.73,6.85,,,,2024,0
RA-1160,9.6,2.7,8.7,6.88,10.0,2.52,7.26,,,,,2023,0
RA-1160,8.75,3.17,8.2,6.25,5.0,7.51,6.25,,,,,2024,0
RA-1161,6.3,6.3,8.1,8.28,10.0,2.52,8.63,,,,,2023,0
RA-1162,8.3,6.0,8.5,7.81,10.0,3.77,7.75,,,,,2023,1
RA-1162,7.92,5.67,9.14,6.88,10.0,6.26,7.04,,,,,2024,0
RA-1163,8.8,7.2,9.3,7.66,5.0,7.52,7.75,,,,,2023,0
RA-1163,8.33,7.83,9.82,8.13,10.0,7.51,8.76,,,,,2024,0
RA-1164,9.2,4.8,7.5,7.66,10.0,2.52,7.55,,,,,2023,0
RA-1165,9.2,7.3,9.1,7.19,10.0,5.0,7.29,,,,,2023,0
RA-1165,8.75,8.0,6.83,6.88,10.0,8.14,7.83,,,,,2024,0
RA-1166,8.3,4.8,9.6,7.66,5.0,7.52,7.92,,,,,2023,0
RA-1166,8.33,6.33,8.5,8.02,5.0,6.26,8.63,,,,,2024,0
RA-1167,8.8,3.8,7.6,7.66,2.5,2.52,7.96,,,,,2023,0
RA-1168,0.0,3.5,8.8,7.66,10.0,2.52,7.05,,,,,2023,0
RA-1168,9.59,5.67,7.68,7.19,5.0,7.51,6.33,,,,,2024,0
RA-1169,7.5,6.3,9.5,7.03,5.0,5.0,8.0,,,,,2023,0
RA-1169,6.25,6.83,8.44,7.81,5.0,5.64,6.8,,,,,2024,0
RA-117,7.9,6.1,6.3,,5.0,6.9,7.42,6.69,Requer avaliação,Não,-1.0,2022,0
RA-1170,8.8,5.9,7.7,7.19,5.0,7.52,6.58,,,,,2023,1
RA-1170,9.17,3.5,5.57,7.03,5.0,8.13,6.75,,,,,2024,0
RA-1171,7.9,8.7,8.4,8.75,5.0,5.0,8.88,,,,,2023,1
RA-1171,8.33,7.5,7.23,8.65,5.0,7.51,8.64,,,,,2024,0
RA-1172,8.3,6.7,7.8,8.59,5.0,2.52,8.46,,,,,2023,1
RA-1172,7.5,3.33,6.06,7.25,5.0,6.26,6.2,,,,,2024,0
RA-1173,8.8,6.0,9.7,7.81,10.0,2.52,8.12,,,,,2023,1
RA-1173,9.17,5.83,9.67,8.13,10.0,7.51,8.2,,,,,2024,0
RA-1174,9.2,6.8,8.7,8.91,5.0,2.52,8.34,,,,,2023,1
RA-1174,8.75,5.0,8.35,7.5,10.0,6.26,7.27,,,,,2024,0
RA-1175,8.3,6.3,5.3,7.66,2.5,2.52,7.63,,,,,2023,0
RA-1176,8.3,8.2,9.3,9.69,10.0,7.52,9.17,,,,,2023,0
RA-1176,8.75,9.17,9.68,8.59,10.0,6.26,8.92,,,,,2024,0
RA-1177,10.0,7.2,9.9,8.91,10.0,2.52,8.88,,,,,2023,0
RA-1177,8.75,7.33,9.82,7.66,10.0,6.26,8.13,,,,,2024,0
RA-1178,8.8,5.7,9.3,7.97,5.0,2.52,8.21,,,,,2023,0
RA-1178,8.75,8.33,9.68,7.5,5.0,6.26,8.7,,,,,2024,0
RA-1179,9.6,5.0,8.1,6.88,5.0,4.38,7.17,,,,,2023,0
RA-118,0.0,3.9,5.3,,10.0,6.3,6.96,5.6,Sem limitações,Não,0.0,2022,0
RA-1180,8.3,5.4,9.5,7.19,5.0,5.0,7.71,,,,,2023,0
RA-1181,8.8,4.8,8.3,7.5,10.0,2.52,7.34,,,,,2023,1
RA-1181,9.17,3.83,5.04,7.13,10.0,6.26,5.86,,,,,2024,0
RA-1182,7.5,4.2,6.3,6.72,5.0,2.52,7.21,,,,,2023,0
RA-1183,7.5,5.3,8.7,6.09,5.0,2.52,6.76,,,,,2023,0
RA-1184,8.3,7.3,8.3,8.13,5.0,5.0,8.05,,,,,2023,0
RA-1184,6.67,7.67,8.66,7.29,5.0,7.51,7.5,,,,,2024,0
RA-1185,7.5,7.5,9.1,7.81,10.0,5.0,8.38,,,,,2023,0
RA-1186,8.8,5.5,9.8,6.88,5.0,6.89,7.38,,,,,2023,0
RA-1187,8.8,5.3,6.9,7.34,10.0,2.52,6.72,,,,,2023,0
RA-1188,9.6,6.4,9.4,7.81,5.0,,7.59,,,,,2023,0
RA-1188,9.17,7.0,10.0,8.13,5.0,7.51,7.11,,,,,2024,0
RA-1189,8.8,6.1,9.0,7.81,5.0,,7.38,,,,,2023,0
RA-1189,9.59,7.67,8.67,7.5,5.0,7.51,7.11,,,,,2024,0
RA-119,8.3,5.4,8.2,,10.0,5.6,7.88,7.5,Requer avaliação,Não,0.0,2022,0
RA-119,6.7,,,,10.0,2.52,,7.5,,,,2023,0
RA-119,7.08,7.37,9.98,7.5,10.0,6.57,7.5,7.5,,,,2024,0
RA-1190,0.0,4.2,9.2,7.34,10.0,5.0,7.05,,,,,2023,0
RA-1191,7.5,3.7,7.2,5.0,10.0,5.0,6.26,,,,,2023,0
RA-1192,7.9,5.8,8.7,7.97,5.0,2.52,7.67,,,,,2023,0
RA-1193,0.0,4.1,7.8,7.19,10.0,5.0,7.13,,,,,2023,1
RA-1193,8.75,4.0,7.76,7.81,5.0,5.64,7.79,,,,,2024,0
RA-1194,8.8,6.1,9.0,7.5,10.0,5.0,7.67,,,,,2023,0
RA-1195,0.0,5.4,8.3,8.28,2.5,2.52,8.0,,,,,2023,0
RA-1195,9.59,6.17,9.86,7.5,5.0,5.63,7.66,,,,,2024,0
RA-1196,0.0,7.5,8.2,7.81,10.0,5.0,8.05,,,,,2023,0
RA-1197,6.7,7.3,8.4,7.03,5.0,5.0,7.22,,,,,2023,0
RA-1198,8.3,6.7,9.4,7.5,5.0,6.26,7.96,,,,,2023,1
RA-1198,8.75,3.5,9.46,7.38,5.0,7.51,7.33,,,,,2024,0
RA-1199,6.7,6.2,9.1,6.88,5.0,5.0,8.09,,,,,2023,0
RA-1199,7.5,9.0,8.57,6.56,5.0,5.01,8.47,,,,,2024,0
RA-12,0.0,1.5,4.0,,10.0,6.9,6.39,4.83,Sem limitações,Não,0.0,2022,0
RA-12,,,,,10.0,,,4.83,,,,2023,0
RA-12,,,0.0,,10.0,,,4.83,,,,2024,0
RA-120,8.3,6.2,5.9,,5.0,7.5,7.67,6.83,Não atendido,Não,-1.0,2022,0
RA-1200,0.0,4.0,6.4,7.5,10.0,5.0,6.87,,,,,2023,1
RA-1200,7.92,1.5,7.1,7.5,5.0,6.26,6.27,,,,,2024,0
RA-1201,9.2,7.8,9.6,8.59,10.0,3.77,8.76,,,,,2023,0
RA-1201,8.75,9.0,9.52,8.33,5.0,7.51,8.56,,,,,2024,0
RA-1202,7.1,3.3,7.6,7.34,5.0,7.52,6.67,,,,,2023,0
RA-1203,9.2,7.2,10.0,7.97,5.0,2.52,7.88,,,,,2023,0
RA-1203,9.17,9.0,9.65,8.38,10.0,7.51,8.57,,,,,2024,0
RA-1204,7.5,6.1,8.7,7.81,5.0,5.0,7.21,,,,,2023,0
RA-1205,9.2,5.0,9.2,7.5,2.5,6.26,7.09,,,,,2023,0
RA-1206,8.8,5.6,8.3,7.81,5.0,2.52,7.71,,,,,2023,0
RA-1207,8.8,5.5,9.0,7.81,10.0,5.0,7.63,,,,,2023,1
RA-1207,8.33,5.33,6.58,7.34,5.0,7.51,6.54,,,,,2024,0
RA-1208,8.8,6.2,8.8,6.88,10.0,2.52,6.25,,,,,2023,0
RA-1209,7.5,7.4,9.4,7.81,5.0,5.0,7.71,,,,,2023,0
RA-121,7.1,7.2,8.4,,5.0,6.3,7.63,7.25,Sem limitações,Não,-2.0,2022,1
RA-121,6.3,6.0,8.8,7.34,5.0,5.0,7.46,7.25,,,,2023,0
RA-121,8.75,8.83,8.15,7.25,5.0,6.26,6.76,7.24,,,,2024,0
RA-1210,9.6,4.7,9.4,7.81,5.0,5.0,8.09,,,,,2023,0
RA-1210,9.59,5.5,10.0,7.88,10.0,7.51,8.17,,,,,2024,0
RA-1211,7.1,6.2,9.1,7.81,5.0,5.0,7.71,,,,,2023,0
RA-1212,8.3,4.2,8.9,7.66,5.0,5.0,7.72,,,,,2023,0
RA-1213,0.0,6.0,8.4,7.81,5.0,2.52,7.72,,,,,2023,0
RA-1214,9.6,7.4,9.8,7.5,10.0,6.89,7.67,,,,,2023,0
RA-1214,10.0,8.0,9.08,8.28,10.0,8.13,7.66,,,,,2024,0
RA-1215,7.1,4.1,5.6,7.5,10.0,5.0,7.17,,,,,2023,0
RA-1216,9.6,7.9,9.0,7.5,5.0,5.63,7.8,,,,,2023,0
RA-1216,,,0.0,,10.0,,,,,,,2024,0
RA-1217,0.0,5.9,7.9,7.66,5.0,5.63,7.38,,,,,2023,0
RA-1218,7.5,5.3,9.2,7.5,5.0,5.0,7.13,,,,,2023,0
RA-1219,8.8,6.3,6.5,7.34,10.0,5.63,7.38,,,,,2023,0
RA-122,7.9,1.8,3.4,,10.0,7.5,4.96,5.06,Não atendido,Não,0.0,2022,0
RA-1220,0.0,6.8,9.0,7.81,5.0,5.0,7.63,,,,,2023,0
RA-1220,7.08,7.67,8.56,7.5,5.0,6.89,6.26,,,,,2024,0
RA-1221,9.2,8.7,9.1,8.0,5.0,6.26,8.09,,,,,2023,1
RA-1221,,8.0,0.0,,10.0,,,,,,,2024,0
RA-1222,7.1,6.8,10.0,6.88,5.0,5.63,6.01,,,,,2023,0
RA-1223,8.8,9.0,9.3,6.88,10.0,5.0,7.29,,,,,2023,0
RA-1224,8.3,8.0,9.4,7.13,5.0,5.0,7.63,,,,,2023,0
RA-1224,,,0.0,,10.0,,,,,,,2024,0
RA-1225,7.5,,,,5.0,2.52,,,,,,2023,0
RA-1225,,,0.0,,10.0,,,,,,,2024,0
RA-1226,9.2,,,,10.0,7.52,,,,,,2023,0
RA-1226,8.33,6.07,9.0,7.5,10.0,6.89,7.5,,,,,2024,0
RA-1227,9.2,,,,10.0,2.52,,,,,,2023,0
RA-1227,8.75,0.0,0.0,7.5,10.0,7.2,7.5,,,,,2024,0
RA-1228,7.5,,,,10.0,2.52,,,,,,2023,0
RA-1228,8.75,0.0,0.0,7.5,10.0,7.51,7.5,,,,,2024,0
RA-1229,8.3,,,,10.0,7.52,,,,,,2023,0
RA-1229,9.17,0.0,0.0,7.5,10.0,6.57,7.5,,,,,2024,0
RA-123,7.9,6.5,8.6,,5.0,5.6,7.29,7.08,Requer avaliação,Não,-2.0,2022,1
RA-123,0.0,5.7,9.4,6.88,5.0,5.0,6.84,7.08,,,,2023,0
RA-123,7.5,7.17,8.41,6.72,5.0,5.64,6.43,7.08,,,,2024,0
RA-1230,0.0,,,,10.0,2.52,,,,,,2023,0
RA-1230,7.92,0.0,0.0,7.5,10.0,7.2,7.5,,,,,2024,0
RA-1231,,,,,10.0,,,,,,,2023,0
RA-1231,,,0.0,,10.0,,,,,,,2024,0
RA-1232,,,,,10.0,,,,,,,2023,0
RA-1232,,,0.0,,10.0,,,,,,,2024,0
RA-1233,,,,,10.0,,,,,,,2023,0
RA-1233,,,0.0,,10.0,,,,,,,2024,0
RA-1234,,,,,10.0,,,,,,,2023,0
RA-1234,,,0.0,,10.0,,,,,,,2024,0
RA-1235,,,,,10.0,,,,,,,2023,0
RA-1235,,,0.0,,10.0,,,,,,,2024,0
RA-1236,,,,,10.0,,,,,,,2023,0
RA-1236,,,0.0,,10.0,,,,,,,2024,0
RA-1237,,,,,10.0,,,,,,,2023,0
RA-1237,,,0.0,,10.0,,,,,,,2024,0
RA-1238,,,,,10.0,,,,,,,2023,0
RA-1238,,,0.0,,10.0,,,,,,,2024,0
RA-1239,,,,,10.0,,,,,,,2023,0
RA-1239,,,0.0,,10.0,,,,,,,2024,0
RA-124,7.9,6.7,7.8,,10.0,5.0,7.17,7.39,Requer avaliação,Não,0.0,2022,0
RA-1240,,,,,10.0,,,,,,,2023,0
RA-1240,,,0.0,,10.0,,,,,,,2024,0
RA-1241,,,,,10.0,,,,,,,2023,0
RA-1241,,,0.0,,10.0,,,,,,,2024,0
RA-1242,,,,,10.0,,,,,,,2023,0
RA-1242,,,0.0,,10.0,,,,,,,2024,0
RA-1243,,,,,10.0,,,,,,,2023,0
RA-1244,,,,,10.0,,,,,,,2023,0
RA-1244,,,0.0,,10.0,,,,,,,2024,0
RA-1245,,,,,10.0,,,,,,,2023,0
RA-1245,,,0.0,,10.0,,,,,,,2024,0
RA-1246,,,,,10.0,,,,,,,2023,0
RA-1246,,,0.0,,10.0,,,,,,,2024,0
RA-1247,,,,,10.0,,,,,,,2023,0
RA-1248,,,,,10.0,,,,,,,2023,0
RA-1248,,,0.0,,10.0,,,,,,,2024,0
RA-1249,,,,,10.0,,,,,,,2023,0
RA-1249,,,0.0,,10.0,,,,,,,2024,0
RA-125,8.8,7.1,8.5,,5.0,7.5,7.75,7.62,Não atendido,Não,-1.0,2022,1
RA-125,9.2,5.8,7.7,8.13,5.0,5.0,7.84,7.62,,,,2023,0
RA-125,8.33,6.17,5.64,7.34,5.0,7.51,7.23,7.62,,,,2024,0
RA-1250,,,,,10.0,,,,,,,2023,0
RA-1250,,,0.0,,10.0,,,,,,,2024,0
RA-1251,,,,,10.0,,,,,,,2023,0
RA-1251,,,0.0,,10.0,,,,,,,2024,0
RA-1252,,,,,10.0,,,,,,,2023,0
RA-1252,,,0.0,,10.0,,,,,,,2024,0
RA-1253,,,,,10.0,,,,,,,2023,0
RA-1253,,,0.0,,10.0,,,,,,,2024,0
RA-1254,,,,,10.0,,,,,,,2023,0
RA-1254,,,0.0,,10.0,,,,,,,2024,0
RA-1255,,,,,10.0,,,,,,,2023,0
RA-1255,,,0.0,,10.0,,,,,,,2024,0
RA-1256,,,,,10.0,,,,,,,2023,0
RA-1256,,,0.0,,10.0,,,,,,,2024,0
RA-1257,,,,,10.0,,,,,,,2023,0
RA-1257,,,0.0,,10.0,,,,,,,2024,0
RA-1258,,,,,10.0,,,,,,,2023,0
RA-1258,,,0.0,,10.0,,,,,,,2024,0
RA-1259,,,,,10.0,,,,,,,2023,0
RA-1259,,,0.0,,10.0,,,,,,,2024,0
RA-126,7.1,4.4,5.8,,5.0,7.5,7.42,6.29,Não atendido,Não,-1.0,2022,0
RA-1260,,,,,10.0,,,,,,,2023,0
RA-1260,,,0.0,,10.0,,,,,,,2024,0
RA-1261,,,,,10.0,,,,,,,2023,0
RA-1261,,,0.0,,10.0,,,,,,,2024,0
RA-1262,,,,,10.0,,,,,,,2023,0
RA-1262,,,0.0,,10.0,,,,,,,2024,0
RA-1263,,,,,10.0,,,,,,,2023,0
RA-1263,,,0.0,,10.0,,,,,,,2024,0
RA-1264,,,,,10.0,,,,,,,2023,0
RA-1264,,,0.0,,10.0,,,,,,,2024,0
RA-1265,,,,,10.0,,,,,,,2023,0
RA-1265,,,0.0,,10.0,,,,,,,2024,0
RA-1266,,,,,10.0,,,,,,,2023,0
RA-1266,,,0.0,,10.0,,,,,,,2024,0
RA-1267,,,,,10.0,,,,,,,2023,0
RA-1267,,,0.0,,10.0,,,,,,,2024,0
RA-1268,,,,,10.0,,,,,,,2023,0
RA-1268,,,0.0,,10.0,,,,,,,2024,0
RA-1269,,,,,10.0,,,,,,,2023,0
RA-1269,,,0.0,,10.0,,,,,,,2024,0
RA-127,7.5,7.9,8.7,,10.0,7.5,8.13,8.28,Não atendido,Não,0.0,2022,1
RA-127,8.8,6.4,7.8,8.44,10.0,6.26,8.67,8.28,,,,2023,0
RA-127,8.75,7.83,9.49,7.63,10.0,7.51,8.54,8.28,,,,2024,0
RA-1270,,,,,10.0,,,,,,,2023,0
RA-1270,,,0.0,,10.0,,,,,,,2024,0
RA-1271,,,,,10.0,,,,,,,2023,0
RA-1271,,,0.0,,10.0,,,,,,,2024,0
RA-1272,,,,,10.0,,,,,,,2023,0
RA-1272,,,0.0,,10.0,,,,,,,2024,0
RA-1273,,,,,10.0,,,,,,,2023,0
RA-1273,,,0.0,,10.0,,,,,,,2024,0
RA-1274,,,,,10.0,,,,,,,2023,0
RA-1274,,,0.0,,10.0,,,,,,,2024,0
RA-1275,10.0,8.0,8.67,5.63,10.0,6.26,5.45,,,,,2024,0
RA-1276,10.0,8.0,9.33,7.5,10.0,3.76,7.05,,,,,2024,0
RA-1277,10.0,8.0,9.08,7.5,10.0,3.76,7.05,,,,,2024,0
RA-1278,9.0,7.5,4.17,5.0,5.0,3.76,4.17,,,,,2024,0
RA-1279,10.0,8.25,10.0,7.5,5.0,6.26,7.78,,,,,2024,0
RA-128,0.0,5.6,6.2,,5.0,7.5,6.17,5.56,Não atendido,Não,-1.0,2022,0
RA-128,6.7,5.7,7.3,7.34,5.0,5.0,7.55,5.56,,,,2023,0
RA-1280,10.0,8.5,9.55,7.5,5.0,6.26,8.34,,,,,2024,0
RA-1281,7.92,9.25,9.55,7.5,5.0,6.26,7.78,,,,,2024,0
RA-1282,9.5,9.25,8.11,7.5,5.0,6.26,7.89,,,,,2024,0
RA-1283,10.0,9.0,9.23,7.5,5.0,7.51,8.28,,,,,2024,0
RA-1284,9.0,10.0,9.35,7.81,10.0,2.51,7.89,,,,,2024,0
RA-1285,10.0,8.0,8.83,7.5,10.0,2.51,8.95,,,,,2024,0
RA-1286,8.0,7.0,5.05,5.31,10.0,2.51,4.61,,,,,2024,0
RA-1287,10.0,7.75,9.31,8.13,5.0,2.51,8.22,,,,,2024,0
RA-1288,9.0,10.0,7.98,7.19,10.0,2.51,7.27,,,,,2024,0
RA-1289,7.0,7.75,9.44,5.94,5.0,7.51,6.17,,,,,2024,0
RA-129,6.7,6.7,6.4,,5.0,7.5,7.79,6.93,Não atendido,Não,-1.0,2022,0
RA-1290,10.0,8.75,10.0,7.5,5.0,7.51,8.28,,,,,2024,0
RA-1291,9.5,8.25,9.5,7.5,5.0,7.51,7.89,,,,,2024,0
RA-1292,7.5,8.25,4.77,7.19,5.0,7.51,7.89,,,,,2024,0
RA-1293,8.0,8.5,9.49,6.88,5.0,7.51,8.34,,,,,2024,0
RA-1294,9.5,7.75,10.0,6.88,5.0,7.51,7.55,,,,,2024,0
RA-1295,10.0,7.5,9.52,7.5,10.0,2.51,8.28,,,,,2024,0
RA-1296,9.0,6.5,8.44,7.5,5.0,2.51,8.34,,,,,2024,0
RA-1297,9.5,9.25,9.76,7.5,5.0,2.51,6.83,,,,,2024,0
RA-1298,9.5,6.75,6.64,7.19,10.0,7.51,7.39,,,,,2024,0
RA-1299,8.5,6.5,7.64,7.19,5.0,7.51,7.11,,,,,2024,0
RA-13,7.9,4.7,7.4,,5.0,7.5,8.06,6.9,Sem limitações,Não,-1.0,2022,0
RA-13,,,,,10.0,,,6.9,,,,2023,0
RA-13,,,0.0,,10.0,,,6.9,,,,2024,0
RA-130,8.3,4.1,4.7,,5.0,5.0,6.5,5.62,Requer avaliação,Não,-2.0,2022,0
RA-1300,8.5,9.0,8.75,7.5,5.0,2.51,8.61,,,,,2024,0
RA-1301,9.5,7.0,2.92,7.5,5.0,2.51,6.0,,,,,2024,0
RA-1302,10.0,4.0,5.42,6.25,10.0,2.51,5.0,,,,,2024,0
RA-1303,10.0,10.0,10.0,7.5,10.0,2.51,9.17,,,,,2024,0
RA-1304,9.0,6.0,7.96,7.81,5.0,8.14,6.49,,,,,2024,0
RA-1305,8.5,4.75,8.71,7.81,5.0,2.51,8.05,,,,,2024,0
RA-1306,9.0,9.75,10.0,7.5,5.0,8.14,7.95,,,,,2024,0
RA-1307,10.0,5.5,5.83,6.25,10.0,6.26,5.38,,,,,2024,0
RA-1308,10.0,6.0,7.45,7.5,5.0,7.51,5.93,,,,,2024,0
RA-1309,9.0,7.5,9.17,7.5,10.0,7.51,8.22,,,,,2024,0
RA-131,8.8,5.6,9.0,,5.0,5.6,7.75,7.17,Sem limitações,Não,-1.0,2022,1
RA-131,8.3,2.2,7.8,7.66,5.0,5.0,6.8,7.17,,,,2023,0
RA-131,8.75,5.0,9.44,7.71,5.0,7.51,7.39,7.17,,,,2024,0
RA-1310,8.5,10.0,9.38,7.81,10.0,2.51,8.17,,,,,2024,0
RA-1311,9.0,0.0,9.17,7.5,10.0,2.51,8.39,,,,,2024,0
RA-1312,10.0,6.5,8.33,6.25,5.0,7.51,8.34,,,,,2024,0
RA-1313,9.5,6.25,8.13,7.5,10.0,7.51,8.45,,,,,2024,0
RA-1314,7.42,9.0,8.54,7.5,10.0,7.51,7.44,,,,,2024,0
RA-1315,6.83,9.0,8.33,7.5,10.0,7.51,8.5,,,,,2024,0
RA-1316,9.0,7.75,8.21,7.5,5.0,7.51,7.5,,,,,2024,0
RA-1317,7.5,10.0,7.07,7.5,5.0,7.51,7.5,,,,,2024,0
RA-1318,8.5,5.0,7.69,7.19,5.0,7.51,7.33,,,,,2024,0
RA-1319,8.5,8.5,5.75,7.5,5.0,7.51,7.5,,,,,2024,0
RA-132,10.0,7.7,8.8,,10.0,5.6,8.46,8.36,Sem limitações,Sim,0.0,2022,1
RA-132,7.5,6.5,8.7,7.66,10.0,2.52,7.72,8.36,,,,2023,0
RA-132,8.33,8.33,8.38,8.59,10.0,7.51,8.44,8.35,,,,2024,0
RA-1320,9.0,8.25,9.17,7.5,5.0,7.51,7.5,,,,,2024,0
RA-1321,9.0,8.75,8.88,6.56,10.0,6.89,5.92,,,,,2024,0
RA-1322,9.5,7.5,9.0,8.44,10.0,7.51,8.17,,,,,2024,0
RA-1323,10.0,7.0,9.08,6.88,5.0,7.51,6.66,,,,,2024,0
RA-1324,10.0,8.5,10.0,7.81,5.0,7.51,8.0,,,,,2024,0
RA-1325,9.0,10.0,9.52,8.44,10.0,7.51,7.92,,,,,2024,0
RA-1326,9.0,4.5,9.29,7.81,10.0,7.51,7.25,,,,,2024,0
RA-1327,9.0,7.5,9.33,7.81,10.0,7.51,7.33,,,,,2024,0
RA-1328,8.5,10.0,8.21,7.5,5.0,7.51,7.83,,,,,2024,0
RA-1329,9.5,6.5,10.0,6.56,10.0,7.51,6.66,,,,,2024,0
RA-133,7.9,5.6,7.1,,5.0,7.5,7.63,6.88,Não atendido,Não,-1.0,2022,1
RA-133,7.5,5.3,7.9,7.19,5.0,2.52,6.51,6.88,,,,2023,0
RA-1330,10.0,9.5,9.33,8.44,10.0,7.51,7.92,,,,,2024,0
RA-1331,9.0,7.25,7.29,8.44,10.0,7.51,7.25,,,,,2024,0
RA-1332,8.5,8.25,9.41,9.38,5.0,7.51,7.67,,,,,2024,0
RA-1333,7.5,9.25,10.0,9.38,5.0,6.26,7.75,,,,,2024,0
RA-1334,10.0,9.0,10.0,9.38,5.0,5.63,7.75,,,,,2024,0
RA-1335,9.0,8.75,9.75,9.38,5.0,7.51,7.67,,,,,2024,0
RA-1336,9.5,9.5,6.2,7.5,5.0,2.51,7.75,,,,,2024,0
RA-1337,8.0,6.0,4.72,6.88,5.0,7.51,5.66,,,,,2024,0
RA-1338,8.0,3.0,8.66,6.88,5.0,7.51,5.33,,,,,2024,0
RA-1339,8.5,8.75,10.0,5.0,5.0,6.89,5.33,,,,,2024,0
RA-134,8.8,4.7,6.8,,5.0,7.5,7.38,6.61,Não atendido,Não,-1.0,2022,0
RA-1340,9.5,10.0,8.39,5.63,10.0,7.51,7.0,,,,,2024,0
RA-1341,10.0,10.0,9.25,5.63,5.0,7.51,6.0,,,,,2024,0
RA-1342,9.5,9.0,9.76,7.5,5.0,7.51,5.58,,,,,2024,0
RA-1343,8.0,9.75,10.0,6.25,10.0,7.51,8.5,,,,,2024,0
RA-1344,8.5,10.0,10.0,8.75,10.0,7.51,9.43,,,,,2024,0
RA-1345,8.5,6.25,9.46,6.25,5.0,7.51,6.83,,,,,2024,0
RA-1346,9.5,5.5,8.06,6.25,10.0,7.51,6.66,,,,,2024,0
RA-1347,8.5,5.0,8.79,5.63,5.0,2.51,6.17,,,,,2024,0
RA-1348,7.5,9.0,8.59,8.75,5.0,7.51,7.83,,,,,2024,0
RA-1349,8.0,8.5,8.39,8.44,5.0,7.51,7.92,,,,,2024,0
RA-135,8.3,8.6,7.8,,5.0,5.6,8.58,7.69,Sem limitações,Sim,-1.0,2022,0
RA-1350,8.5,8.5,10.0,8.44,5.0,8.76,7.83,,,,,2024,0
RA-1351,9.0,8.75,9.23,8.44,5.0,8.13,7.67,,,,,2024,0
RA-1352,10.0,8.5,9.5,8.44,5.0,8.13,7.67,,,,,2024,0
RA-1353,8.0,3.0,9.5,6.88,5.0,7.51,6.08,,,,,2024,0
RA-1354,9.5,6.0,8.36,8.13,5.0,7.51,7.34,,,,,2024,0
RA-1355,10.0,7.0,6.52,8.13,5.0,7.51,7.17,,,,,2024,0
RA-1356,9.0,5.5,9.44,8.13,10.0,7.51,7.09,,,,,2024,0
RA-1357,8.0,6.75,7.5,8.13,5.0,7.51,7.34,,,,,2024,0
RA-1358,9.17,4.0,7.38,6.25,10.0,5.01,6.17,,,,,2024,0
RA-1359,8.5,6.0,9.0,5.63,10.0,5.64,6.17,,,,,2024,0
RA-136,10.0,4.6,6.3,,5.0,7.5,6.67,6.48,Não atendido,Não,-1.0,2022,0
RA-1360,8.5,5.0,7.0,5.63,10.0,7.51,6.42,,,,,2024,0
RA-1361,9.5,10.0,9.38,7.5,10.0,5.64,8.0,,,,,2024,0
RA-1362,10.0,8.5,6.88,6.88,10.0,5.64,6.92,,,,,2024,0
RA-1363,7.42,6.5,10.0,6.88,10.0,5.64,6.99,,,,,2024,0
RA-1364,8.0,8.75,8.42,6.88,5.0,7.51,6.99,,,,,2024,0
RA-1365,9.0,6.5,9.79,6.88,5.0,6.26,6.99,,,,,2024,0
RA-1366,9.0,6.5,6.6,7.5,5.0,7.51,6.99,,,,,2024,0
RA-1367,10.0,8.75,8.38,7.5,10.0,7.51,7.5,,,,,2024,0
RA-1368,7.0,9.5,10.0,7.5,10.0,7.51,7.5,,,,,2024,0
RA-1369,8.5,8.0,8.63,7.5,10.0,6.26,7.5,,,,,2024,0
RA-137,7.5,7.3,8.9,,2.5,5.0,7.79,7.06,Requer avaliação,Não,-3.0,2022,1
RA-137,7.1,6.0,6.3,6.41,5.0,2.52,6.88,7.06,,,,2023,0
RA-137,9.59,6.83,7.58,4.79,5.0,5.01,6.28,7.06,,,,2024,0
RA-1370,10.0,9.0,8.72,7.5,5.0,7.51,7.5,,,,,2024,0
RA-1371,7.5,4.5,6.98,6.88,5.0,7.51,7.5,,,,,2024,0
RA-1372,9.5,4.75,10.0,7.5,10.0,8.13,7.5,,,,,2024,0
RA-1373,9.5,6.75,8.88,7.5,5.0,7.51,7.5,,,,,2024,0
RA-1374,9.5,5.25,9.35,7.5,5.0,7.51,7.5,,,,,2024,0
RA-1375,9.5,8.25,10.0,7.5,5.0,7.51,7.5,,,,,2024,0
RA-1376,9.0,9.75,9.62,7.5,5.0,7.51,7.5,,,,,2024,0
RA-1377,9.0,5.5,10.0,6.88,10.0,8.13,6.99,,,,,2024,0
RA-1378,9.0,6.75,9.29,7.5,5.0,8.13,7.5,,,,,2024,0
RA-1379,9.5,7.25,8.68,5.94,5.0,3.76,5.16,,,,,2024,0
RA-138,9.6,5.6,8.0,,5.0,5.6,6.38,6.74,Requer avaliação,Não,-1.0,2022,1
RA-138,10.0,4.3,7.9,7.34,5.0,6.26,7.42,6.74,,,,2023,0
RA-138,9.59,5.83,8.75,7.71,5.0,7.51,7.44,6.74,,,,2024,0
RA-1380,9.5,8.0,8.78,7.19,10.0,4.39,7.5,,,,,2024,0
RA-1381,9.5,9.5,10.0,8.75,10.0,8.13,7.5,,,,,2024,0
RA-1382,8.5,7.5,9.76,7.81,5.0,7.51,7.5,,,,,2024,0
RA-1383,8.5,8.5,9.26,7.19,10.0,7.51,7.5,,,,,2024,0
RA-1384,8.0,5.0,7.57,6.25,5.0,7.51,5.16,,,,,2024,0
RA-1385,10.0,8.0,10.0,6.88,5.0,4.39,7.5,,,,,2024,0
RA-1386,9.0,7.25,9.76,7.5,5.0,7.51,7.5,,,,,2024,0
RA-1387,9.5,8.0,8.76,7.5,5.0,7.51,7.5,,,,,2024,0
RA-1388,9.0,5.0,8.21,7.5,5.0,6.88,7.67,,,,,2024,0
RA-1389,9.0,10.0,9.79,7.5,10.0,6.88,8.42,,,,,2024,0
RA-139,7.1,1.4,3.5,,2.5,5.0,3.92,3.74,Requer avaliação,Não,-3.0,2022,0
RA-1390,9.5,8.25,9.79,7.5,10.0,5.01,8.42,,,,,2024,0
RA-1391,8.5,10.0,9.29,7.5,10.0,7.51,8.17,,,,,2024,0
RA-1392,9.0,0.0,5.63,7.5,5.0,7.51,7.0,,,,,2024,0
RA-1393,9.5,5.0,7.5,7.5,10.0,3.76,8.42,,,,,2024,0
RA-1394,9.5,5.75,8.69,8.13,5.0,7.51,8.0,,,,,2024,0
RA-1395,9.5,7.75,10.0,7.81,10.0,7.51,7.84,,,,,2024,0
RA-1396,9.5,6.5,10.0,8.13,5.0,7.51,7.67,,,,,2024,0
RA-1397,9.0,7.0,10.0,8.13,5.0,6.26,7.95,,,,,2024,0
RA-1398,6.92,8.0,9.56,8.13,5.0,7.51,8.62,,,,,2024,0
RA-1399,9.0,6.0,9.77,7.5,5.0,5.01,8.17,,,,,2024,0
RA-14,7.9,4.0,8.3,,5.0,7.5,7.75,6.79,Não atendido,Não,-1.0,2022,0
RA-14,,,,,10.0,,,6.79,,,,2023,0
RA-14,,,0.0,,10.0,,,6.79,,,,2024,0
RA-140,7.9,5.7,7.6,,10.0,6.9,7.67,7.41,Não atendido,Não,0.0,2022,0
RA-1400,8.42,7.25,6.65,7.5,10.0,7.51,7.5,,,,,2024,0
RA-1401,6.92,10.0,8.89,7.81,5.0,7.51,8.09,,,,,2024,0
RA-1402,10.0,7.25,9.55,8.44,10.0,7.51,8.17,,,,,2024,0
RA-1403,9.0,8.75,9.31,8.44,5.0,7.51,8.26,,,,,2024,0
RA-1404,8.5,7.5,9.09,8.44,10.0,7.51,8.17,,,,,2024,0
RA-1405,8.0,8.75,8.64,8.13,10.0,7.51,8.17,,,,,2024,0
RA-1406,8.0,7.5,8.86,8.44,5.0,7.51,8.26,,,,,2024,0
RA-1407,10.0,5.75,9.32,7.81,5.0,7.51,7.5,,,,,2024,0
RA-1408,10.0,6.75,8.41,8.44,5.0,7.51,7.5,,,,,2024,0
RA-1409,10.0,7.25,9.09,8.44,5.0,7.51,7.5,,,,,2024,0
RA-141,9.2,5.7,8.2,,10.0,5.6,5.92,7.12,Requer avaliação,Não,0.0,2022,1
RA-141,9.6,4.5,8.4,7.03,5.0,5.63,7.04,7.12,,,,2023,0
RA-1410,9.0,6.25,8.11,8.75,5.0,7.51,8.17,,,,,2024,0
RA-1411,9.0,2.75,9.5,8.44,5.0,6.26,7.84,,,,,2024,0
RA-1412,10.0,9.75,9.31,8.75,10.0,7.51,8.84,,,,,2024,0
RA-1413,9.0,7.25,8.59,8.44,5.0,7.51,7.92,,,,,2024,0
RA-1414,9.5,8.5,9.3,8.75,10.0,6.89,8.84,,,,,2024,0
RA-1415,8.0,6.75,9.77,7.29,5.0,6.26,7.06,,,,,2024,0
RA-1416,8.5,7.75,8.28,7.92,5.0,7.51,6.39,,,,,2024,0
RA-1417,9.0,9.0,9.34,6.25,5.0,7.51,6.5,,,,,2024,0
RA-1418,8.5,8.25,9.13,7.92,5.0,7.51,6.83,,,,,2024,0
RA-1419,8.5,7.5,10.0,8.96,10.0,7.51,8.78,,,,,2024,0
RA-142,6.7,6.3,8.6,,10.0,5.6,7.58,7.46,Requer avaliação,Não,0.0,2022,0
RA-1420,7.92,4.5,5.52,6.46,5.0,6.26,5.44,,,,,2024,0
RA-1421,9.0,7.5,6.78,6.88,5.0,7.51,7.16,,,,,2024,0
RA-1422,9.5,4.75,7.5,8.13,5.0,7.51,7.75,,,,,2024,0
RA-1423,8.5,5.75,5.31,7.81,5.0,7.51,6.54,,,,,2024,0
RA-1424,9.0,7.25,8.94,7.81,5.0,7.51,6.92,,,,,2024,0
RA-1425,9.0,7.0,6.8,7.34,5.0,7.51,5.92,,,,,2024,0
RA-1426,9.5,2.75,5.85,7.5,5.0,7.51,5.83,,,,,2024,0
RA-1427,9.5,8.0,10.0,8.91,5.0,7.51,8.67,,,,,2024,0
RA-1428,8.5,8.0,8.86,9.17,5.0,7.51,8.09,,,,,2024,0
RA-1429,9.5,7.75,8.89,8.96,5.0,7.51,8.09,,,,,2024,0
RA-143,8.3,7.9,9.9,,10.0,5.6,9.5,8.64,Sem limitações,Sim,1.0,2022,1
RA-143,8.3,6.5,9.6,8.28,10.0,2.52,8.34,8.64,,,,2023,1
RA-143,10.0,2.63,9.92,7.5,10.0,6.89,7.5,8.64,,,,2024,0
RA-1430,8.5,6.25,10.0,8.96,5.0,7.51,8.09,,,,,2024,0
RA-1431,9.0,8.0,7.74,7.97,5.0,7.51,9.09,,,,,2024,0
RA-1432,10.0,9.5,10.0,9.22,5.0,7.51,8.51,,,,,2024,0
RA-1433,8.5,8.75,9.07,8.28,5.0,7.51,8.51,,,,,2024,0
RA-1434,8.5,9.0,7.98,9.53,5.0,6.26,9.76,,,,,2024,0
RA-1435,9.5,7.5,7.83,7.19,10.0,7.51,6.17,,,,,2024,0
RA-1436,7.42,8.0,8.67,8.28,5.0,7.51,7.17,,,,,2024,0
RA-1437,8.5,8.0,9.35,8.28,5.0,7.51,7.92,,,,,2024,0
RA-1438,10.0,7.0,9.0,8.91,5.0,7.51,9.18,,,,,2024,0
RA-1439,7.5,8.5,10.0,9.38,5.0,7.51,9.35,,,,,2024,0
RA-144,7.5,7.9,9.3,,10.0,5.0,8.29,8.18,Requer avaliação,Não,0.0,2022,1
RA-144,0.0,4.4,5.2,6.25,10.0,2.52,6.0,8.18,,,,2023,0
RA-1440,9.0,4.5,9.54,8.75,5.0,7.51,8.17,,,,,2024,0
RA-1441,9.5,8.5,9.11,9.38,10.0,7.51,9.01,,,,,2024,0
RA-1442,8.0,7.25,8.67,7.5,5.0,7.51,5.75,,,,,2024,0
RA-1443,6.92,6.75,7.5,7.71,5.0,6.26,7.42,,,,,2024,0
RA-1444,8.5,6.0,5.28,7.71,5.0,7.51,7.42,,,,,2024,0
RA-1445,9.5,7.25,9.5,7.92,5.0,7.51,7.5,,,,,2024,0
RA-1446,8.0,0.0,6.65,7.29,10.0,6.26,7.08,,,,,2024,0
RA-1447,9.5,5.25,9.74,7.92,5.0,7.51,7.75,,,,,2024,0
RA-1448,9.0,6.0,9.53,7.5,5.0,7.51,7.29,,,,,2024,0
RA-1449,7.42,6.75,8.33,7.97,5.0,7.51,7.04,,,,,2024,0
RA-145,0.0,5.2,6.3,,5.0,8.1,7.25,5.85,Sem limitações,Não,-2.0,2022,0
RA-145,7.9,6.2,9.0,7.97,2.5,,7.46,5.85,,,,2023,0
RA-1450,9.5,3.5,8.57,7.81,10.0,7.51,7.54,,,,,2024,0
RA-1451,10.0,6.0,8.81,7.97,5.0,7.51,7.75,,,,,2024,0
RA-1452,9.0,7.75,10.0,7.92,10.0,7.51,8.17,,,,,2024,0
RA-1453,8.5,6.5,7.82,7.5,5.0,6.25,7.67,,,,,2024,0
RA-1454,8.0,7.75,5.88,7.71,10.0,7.51,8.28,,,,,2024,0
RA-1455,8.0,3.5,7.78,7.71,5.0,7.51,7.83,,,,,2024,0
RA-1456,9.5,7.75,9.51,7.5,10.0,7.51,7.95,,,,,2024,0
RA-1457,3.5,2.75,8.04,7.29,5.0,7.51,7.66,,,,,2024,0
RA-1458,8.75,3.25,7.28,6.04,5.0,7.51,5.21,,,,,2024,0
RA-1459,8.0,3.75,8.3,7.5,5.0,7.51,7.27,,,,,2024,0
RA-146,8.3,7.9,9.2,,5.0,7.5,8.21,7.95,Não atendido,Não,-1.0,2022,0
RA-146,6.2,7.9,9.5,8.44,5.0,5.0,8.21,7.95,,,,2023,0
RA-146,8.75,9.33,9.51,7.66,5.0,5.64,8.3,7.95,,,,2024,0
RA-1460,9.5,3.25,7.46,6.88,10.0,7.51,6.27,,,,,2024,0
RA-1461,10.0,2.75,9.27,7.5,5.0,7.51,7.33,,,,,2024,0
RA-1462,8.5,6.5,10.0,8.13,5.0,7.51,7.05,,,,,2024,0
RA-1463,8.5,10.0,9.72,9.06,10.0,7.51,8.11,,,,,2024,0
RA-1464,8.0,6.25,7.79,9.06,5.0,7.51,7.61,,,,,2024,0
RA-1465,7.42,5.75,8.75,8.75,5.0,7.51,7.83,,,,,2024,0
RA-1466,10.0,7.5,7.38,8.75,10.0,7.51,8.06,,,,,2024,0
RA-1467,9.0,9.25,9.02,8.75,10.0,7.51,8.28,,,,,2024,0
RA-1468,8.5,7.0,8.97,8.44,10.0,7.51,7.44,,,,,2024,0
RA-1469,8.5,4.75,9.44,8.75,5.0,7.51,8.22,,,,,2024,0
RA-147,8.3,6.1,7.7,,10.0,7.5,7.25,7.54,Não atendido,Não,0.0,2022,1
RA-147,0.0,4.5,7.0,6.88,5.0,5.63,7.46,7.54,,,,2023,0
RA-147,8.33,6.17,9.28,7.5,5.0,7.51,7.39,7.54,,,,2024,0
RA-1470,8.0,5.0,6.36,6.88,5.0,6.26,5.41,,,,,2024,0
RA-1471,10.0,7.5,7.2,7.66,5.0,7.51,7.24,,,,,2024,0
RA-1472,8.5,8.75,10.0,7.97,10.0,7.51,8.13,,,,,2024,0
RA-1473,9.5,5.25,8.44,6.56,5.0,5.63,6.42,,,,,2024,0
RA-1474,8.0,7.5,7.96,6.72,10.0,5.63,6.29,,,,,2024,0
RA-1475,9.0,5.0,8.07,7.5,10.0,7.51,6.99,,,,,2024,0
RA-1476,9.5,8.5,10.0,8.44,10.0,5.64,8.75,,,,,2024,0
RA-1477,8.0,5.0,8.01,6.41,10.0,7.51,6.29,,,,,2024,0
RA-1478,8.0,4.25,6.67,6.88,10.0,6.26,7.12,,,,,2024,0
RA-1479,8.5,4.25,6.2,7.19,10.0,7.51,6.03,,,,,2024,0
RA-148,9.2,5.3,7.9,,10.0,10.0,7.71,7.89,Sem limitações,Não,0.0,2022,0
RA-1480,8.5,5.5,8.88,7.19,5.0,7.51,7.0,,,,,2024,0
RA-1481,8.5,4.75,8.78,6.88,5.0,7.51,6.83,,,,,2024,0
RA-1482,8.5,0.0,5.0,7.5,5.0,7.51,6.87,,,,,2024,0
RA-1483,9.5,6.5,7.91,5.78,10.0,7.51,5.75,,,,,2024,0
RA-1484,9.0,7.0,10.0,7.5,5.0,6.26,7.89,,,,,2024,0
RA-1485,9.0,5.0,7.74,7.5,5.0,5.63,7.39,,,,,2024,0
RA-1486,8.0,5.75,5.43,7.92,10.0,6.26,7.06,,,,,2024,0
RA-1487,10.0,8.25,9.57,7.71,5.0,6.26,7.83,,,,,2024,0
RA-1488,8.0,3.5,7.11,7.5,10.0,7.51,6.72,,,,,2024,0
RA-1489,9.0,5.0,5.79,6.67,5.0,6.26,5.66,,,,,2024,0
RA-149,9.2,5.0,6.5,,5.0,7.5,6.13,6.32,Não atendido,Não,-1.0,2022,1
RA-149,8.8,4.7,4.2,7.5,5.0,2.52,7.29,6.32,,,,2023,1
RA-149,9.59,3.83,4.1,7.34,5.0,6.26,6.63,6.32,,,,2024,0
RA-1490,8.5,7.75,9.57,6.67,5.0,6.26,6.33,,,,,2024,0
RA-1491,9.0,6.5,6.25,7.5,10.0,7.51,7.78,,,,,2024,0
RA-1492,8.0,8.0,8.81,8.75,10.0,7.51,8.45,,,,,2024,0
RA-1493,8.5,4.0,7.85,7.19,5.0,7.51,5.95,,,,,2024,0
RA-1494,0.0,4.25,6.78,7.5,10.0,7.51,5.84,,,,,2024,0
RA-1495,9.0,8.25,8.32,8.75,10.0,7.51,8.22,,,,,2024,0
RA-1496,9.0,4.25,5.71,7.81,10.0,7.51,6.77,,,,,2024,0
RA-1497,0.0,2.0,5.02,6.88,10.0,7.51,7.0,,,,,2024,0
RA-1498,8.5,7.0,7.84,8.13,5.0,7.51,6.33,,,,,2024,0
RA-1499,8.42,6.5,9.25,8.13,10.0,6.89,7.11,,,,,2024,0
RA-15,8.8,7.3,10.0,,5.0,7.5,7.29,7.78,Não atendido,Não,-1.0,2022,0
RA-150,9.6,6.9,6.3,,5.0,6.9,7.33,6.96,Sem limitações,Não,-2.0,2022,0
RA-1500,9.5,3.5,8.33,8.44,10.0,6.89,7.56,,,,,2024,0
RA-1501,9.5,5.0,10.0,8.44,10.0,7.51,7.5,,,,,2024,0
RA-1502,8.0,5.25,7.63,7.81,5.0,7.51,7.39,,,,,2024,0
RA-1503,7.5,2.75,10.0,8.96,5.0,7.51,7.72,,,,,2024,0
RA-1504,7.5,6.75,4.61,5.83,5.0,5.63,6.94,,,,,2024,0
RA-1505,9.5,3.75,7.53,8.75,5.0,7.51,6.94,,,,,2024,0
RA-1506,8.0,3.5,8.39,6.46,10.0,7.51,7.89,,,,,2024,0
RA-1507,6.92,5.0,4.45,4.58,5.0,7.51,3.78,,,,,2024,0
RA-1508,7.5,9.25,7.23,7.5,10.0,7.51,8.17,,,,,2024,0
RA-1509,8.5,7.5,6.52,6.67,10.0,7.51,7.45,,,,,2024,0
RA-151,8.8,8.3,7.5,,5.0,6.9,7.96,7.56,Sem limitações,Não,-2.0,2022,1
RA-151,0.0,7.9,7.8,8.59,5.0,7.52,8.17,7.56,,,,2023,0
RA-1510,10.0,10.0,9.77,9.58,10.0,7.51,9.0,,,,,2024,0
RA-1511,10.0,8.75,9.33,8.44,10.0,7.51,8.56,,,,,2024,0
RA-1512,9.5,5.5,10.0,7.81,10.0,7.51,7.61,,,,,2024,0
RA-1513,8.5,3.75,7.53,7.5,5.0,7.51,7.22,,,,,2024,0
RA-1514,9.0,5.5,7.98,7.19,10.0,7.51,7.27,,,,,2024,0
RA-1515,6.42,3.5,6.67,6.88,5.0,6.26,6.72,,,,,2024,0
RA-1516,9.59,4.67,5.4,7.97,10.0,9.38,7.55,,,,,2024,0
RA-1517,9.17,4.67,4.31,7.5,5.0,9.38,6.71,,,,,2024,0
RA-1518,7.08,1.75,5.71,7.66,5.0,9.38,6.58,,,,,2024,0
RA-1519,9.59,4.83,5.56,7.97,10.0,8.76,7.5,,,,,2024,0
RA-152,8.3,6.5,7.0,,5.0,7.5,6.29,6.71,Não atendido,Não,-2.0,2022,1
RA-152,7.9,4.5,7.7,7.81,5.0,2.52,7.71,6.71,,,,2023,0
RA-152,7.5,5.17,7.34,7.81,5.0,5.63,7.44,6.71,,,,2024,0
RA-1520,8.33,3.75,9.06,7.66,5.0,8.75,7.33,,,,,2024,0
RA-1521,7.5,3.17,6.16,6.09,5.0,2.51,5.45,,,,,2024,0
RA-1522,8.75,7.0,10.0,6.88,10.0,9.38,7.13,,,,,2024,0
RA-1523,6.67,8.17,9.28,8.91,10.0,8.76,8.76,,,,,2024,0
RA-1524,7.92,4.0,2.78,7.66,5.0,7.51,6.92,,,,,2024,0
RA-1525,7.92,7.0,8.29,8.54,10.0,5.63,7.55,,,,,2024,0
RA-1526,9.17,3.75,10.0,8.13,10.0,8.75,8.13,,,,,2024,0
RA-1527,9.17,8.0,10.0,7.97,10.0,7.51,7.84,,,,,2024,0
RA-1528,9.17,5.67,7.79,7.97,10.0,7.51,7.34,,,,,2024,0
RA-1529,6.67,5.5,7.44,8.13,5.0,7.51,6.96,,,,,2024,0
RA-153,7.9,6.6,8.2,,10.0,5.0,7.71,7.54,Requer avaliação,Não,0.0,2022,1
RA-153,9.2,6.4,7.4,8.13,10.0,2.52,7.71,7.54,,,,2023,1
RA-153,8.75,0.0,0.0,7.5,10.0,6.57,7.5,7.54,,,,2024,0
RA-1530,0.0,2.83,2.52,7.03,10.0,8.13,5.26,,,,,2024,0
RA-1531,8.75,5.83,7.97,7.34,5.0,7.51,7.14,,,,,2024,0
RA-1532,0.0,2.0,3.91,7.5,5.0,7.51,6.83,,,,,2024,0
RA-1533,9.17,9.5,9.71,8.5,10.0,8.14,8.34,,,,,2024,0
RA-1534,7.92,1.17,9.67,8.0,10.0,8.14,8.08,,,,,2024,0
RA-1535,8.75,5.83,5.1,7.13,10.0,7.51,7.92,,,,,2024,0
RA-1536,9.17,7.0,8.72,7.88,5.0,8.14,7.46,,,,,2024,0
RA-1537,9.17,8.67,8.33,8.13,5.0,8.14,8.67,,,,,2024,0
RA-1538,9.17,7.17,7.94,7.92,10.0,8.13,7.11,,,,,2024,0
RA-1539,6.67,6.83,9.03,7.71,10.0,6.89,7.06,,,,,2024,0
RA-154,8.3,4.0,6.1,,5.0,6.3,6.83,6.07,Sem limitações,Não,-1.0,2022,0
RA-1540,8.33,2.67,5.0,7.13,5.0,7.51,6.83,,,,,2024,0
RA-1541,9.17,8.17,8.63,8.25,10.0,6.88,7.74,,,,,2024,0
RA-1542,7.5,3.17,6.3,7.38,5.0,8.14,6.97,,,,,2024,0
RA-1543,7.5,5.0,8.08,7.25,5.0,7.51,7.07,,,,,2024,0
RA-1544,8.33,5.83,8.67,6.63,5.0,6.89,6.6,,,,,2024,0
RA-1545,7.5,8.17,6.21,6.25,10.0,8.13,6.17,,,,,2024,0
RA-1546,8.33,4.67,6.37,7.5,10.0,8.75,6.17,,,,,2024,0
RA-1547,7.92,6.67,6.47,7.5,5.0,8.13,6.34,,,,,2024,0
RA-1548,8.33,4.83,5.24,7.5,10.0,7.51,5.67,,,,,2024,0
RA-1549,9.59,4.17,7.44,7.19,5.0,7.51,6.33,,,,,2024,0
RA-155,10.0,5.2,8.3,,5.0,7.5,6.83,7.05,Não atendido,Não,-2.0,2022,1
RA-155,7.9,4.4,8.1,7.03,5.0,5.0,6.59,7.05,,,,2023,0
RA-155,,,0.0,,10.0,,,7.05,,,,2024,0
RA-1550,9.59,4.33,5.22,7.03,5.0,7.51,6.2,,,,,2024,0
RA-1551,9.59,3.5,4.77,7.5,5.0,7.51,6.79,,,,,2024,0
RA-1552,9.59,3.17,9.74,7.19,10.0,7.51,7.17,,,,,2024,0
RA-1553,8.33,4.33,9.0,8.33,10.0,7.51,7.78,,,,,2024,0
RA-1554,6.67,4.0,9.63,7.29,5.0,8.76,7.22,,,,,2024,0
RA-1555,8.33,3.0,10.0,8.13,10.0,6.26,8.06,,,,,2024,0
RA-1556,7.92,4.0,5.22,7.92,10.0,7.51,7.44,,,,,2024,0
RA-1557,9.59,7.0,8.92,7.92,10.0,7.51,7.72,,,,,2024,0
RA-1558,9.17,5.5,8.71,8.5,5.0,8.76,8.3,,,,,2024,0
RA-1559,7.92,4.67,5.29,8.38,5.0,6.89,7.6,,,,,2024,0
RA-156,10.0,4.4,8.3,,5.0,9.4,7.79,7.36,Sem limitações,Não,-1.0,2022,0
RA-1560,9.17,8.17,9.21,8.5,10.0,5.64,8.34,,,,,2024,0
RA-1561,9.59,9.0,9.17,8.0,5.0,5.0,7.73,,,,,2024,0
RA-1562,6.25,0.5,8.67,6.25,5.0,5.01,6.87,,,,,2024,0
RA-1563,8.75,7.0,8.31,7.25,5.0,7.51,8.46,,,,,2024,0
RA-1564,8.33,2.17,4.94,5.75,5.0,6.89,5.29,,,,,2024,0
RA-1565,0.0,5.5,8.1,6.38,5.0,7.51,6.04,,,,,2024,0
RA-1566,9.17,6.5,9.25,7.75,5.0,7.51,8.34,,,,,2024,0
RA-1567,8.33,8.17,8.77,7.75,5.0,7.51,8.34,,,,,2024,0
RA-1568,9.17,8.17,7.49,8.0,5.0,7.51,8.5,,,,,2024,0
RA-1569,6.67,2.17,7.11,6.88,5.0,6.26,6.92,,,,,2024,0
RA-157,7.5,7.7,10.0,,10.0,6.3,8.29,8.32,Requer avaliação,Não,1.0,2022,1
RA-157,7.1,6.8,9.9,8.59,10.0,2.52,8.63,8.32,,,,2023,0
RA-157,8.33,9.67,10.0,8.13,10.0,6.26,8.73,8.32,,,,2024,0
RA-1570,9.59,8.33,7.54,7.75,5.0,7.51,8.67,,,,,2024,0
RA-1571,8.33,5.67,9.11,7.5,5.0,5.01,8.55,,,,,2024,0
RA-1572,9.17,7.5,9.84,7.66,5.0,7.51,8.39,,,,,2024,0
RA-1573,9.17,5.0,6.12,7.66,5.0,6.26,8.56,,,,,2024,0
RA-1574,8.75,7.33,8.4,7.81,5.0,7.51,8.62,,,,,2024,0
RA-1575,9.17,5.33,8.62,7.66,5.0,6.89,8.28,,,,,2024,0
RA-1576,8.33,6.67,9.52,6.41,5.0,5.64,8.44,,,,,2024,0
RA-1577,10.0,4.33,4.99,7.34,5.0,7.51,7.27,,,,,2024,0
RA-1578,8.33,7.33,6.76,7.5,10.0,7.51,8.64,,,,,2024,0
RA-1579,8.75,7.17,9.09,8.5,5.0,5.64,9.27,,,,,2024,0
RA-158,7.9,6.6,9.8,,2.5,5.6,8.13,7.3,Requer avaliação,Não,-3.0,2022,1
RA-158,7.1,6.0,9.0,8.28,10.0,2.52,7.55,7.3,,,,2023,1
RA-158,8.33,4.0,7.8,6.88,10.0,6.26,6.75,7.3,,,,2024,0
RA-1580,8.75,6.17,9.05,7.88,5.0,7.51,9.17,,,,,2024,0
RA-1581,8.33,6.33,7.83,7.08,5.0,6.26,7.39,,,,,2024,0
RA-1582,8.33,4.5,8.07,6.67,5.0,6.26,6.67,,,,,2024,0
RA-1583,7.92,8.17,7.75,9.17,5.0,6.26,9.01,,,,,2024,0
RA-1584,8.33,5.5,9.15,7.81,5.0,7.51,8.17,,,,,2024,0
RA-1585,10.0,4.0,6.78,7.66,5.0,7.51,7.79,,,,,2024,0
RA-1586,10.0,5.67,6.13,6.88,5.0,5.01,7.54,,,,,2024,0
RA-1587,9.17,3.75,10.0,7.81,5.0,7.51,8.21,,,,,2024,0
RA-1588,7.92,4.0,8.64,7.5,10.0,7.51,7.42,,,,,2024,0
RA-1589,0.0,2.5,6.26,7.5,5.0,7.51,7.54,,,,,2024,0
RA-159,8.3,4.7,8.1,,5.0,5.6,6.46,6.49,Requer avaliação,Não,-1.0,2022,0
RA-159,7.9,6.3,8.1,8.13,5.0,2.52,7.88,6.49,,,,2023,0
RA-1590,7.92,8.67,8.27,10.0,5.0,7.51,8.81,,,,,2024,0
RA-1591,7.08,3.5,6.43,8.13,5.0,7.51,7.06,,,,,2024,0
RA-1592,7.92,5.5,6.85,8.13,5.0,7.51,7.43,,,,,2024,0
RA-1593,6.25,6.5,4.87,9.06,5.0,6.26,8.54,,,,,2024,0
RA-1594,9.59,3.0,6.11,6.25,5.0,6.26,6.0,,,,,2024,0
RA-1595,8.33,2.33,7.95,7.4,10.0,6.26,7.02,,,,,2024,0
RA-1596,8.75,3.33,10.0,8.23,5.0,7.51,8.23,,,,,2024,0
RA-1597,7.5,2.83,8.41,8.13,5.0,7.51,8.28,,,,,2024,0
RA-1598,9.59,7.5,8.86,8.38,10.0,7.51,8.24,,,,,2024,0
RA-1599,8.33,6.5,9.67,7.75,5.0,7.51,7.57,,,,,2024,0
RA-16,7.9,3.5,8.3,,5.0,5.0,6.33,6.11,Requer avaliação,Não,-1.0,2022,0
RA-160,7.5,5.3,7.2,,5.0,5.6,8.25,6.75,Requer avaliação,Não,-1.0,2022,1
RA-160,8.8,5.0,8.3,8.13,5.0,2.52,7.46,6.75,,,,2023,0
RA-160,8.33,5.67,7.42,7.34,5.0,6.26,7.72,6.75,,,,2024,0
RA-1600,8.75,5.67,8.43,7.25,5.0,6.26,6.03,,,,,2024,0
RA-1601,8.75,6.5,7.0,7.5,5.0,7.51,8.34,,,,,2024,0
RA-1602,7.92,7.17,8.78,7.34,10.0,7.51,7.88,,,,,2024,0
RA-1603,7.5,8.33,9.26,7.5,5.0,7.51,7.84,,,,,2024,0
RA-1604,9.17,8.5,7.78,8.13,5.0,7.51,8.88,,,,,2024,0
RA-1605,0.0,2.5,5.07,7.5,5.0,7.51,7.03,,,,,2024,0
RA-1606,8.33,2.5,5.15,7.81,5.0,7.51,7.13,,,,,2024,0
RA-1607,5.83,0.0,6.22,6.56,5.0,5.64,6.76,,,,,2024,0
RA-1608,8.75,5.0,7.2,6.41,10.0,7.51,6.83,,,,,2024,0
RA-1609,8.33,6.0,9.67,7.71,5.0,7.51,7.94,,,,,2024,0
RA-161,7.9,6.9,9.1,,10.0,5.6,8.08,7.96,Requer avaliação,Não,2.0,2022,1
RA-161,0.0,5.8,7.3,8.13,10.0,2.52,7.8,7.96,,,,2023,1
RA-161,8.75,4.0,7.97,7.97,10.0,6.26,7.84,7.96,,,,2024,0
RA-1610,9.17,5.17,7.75,7.29,5.0,7.51,6.11,,,,,2024,0
RA-1611,7.08,4.5,8.36,7.5,5.0,7.51,5.89,,,,,2024,0
RA-1612,6.67,6.17,8.52,7.71,5.0,7.51,6.94,,,,,2024,0
RA-1613,8.33,3.0,7.14,7.29,5.0,7.51,6.22,,,,,2024,0
RA-1614,7.5,6.5,6.57,7.5,5.0,7.51,7.11,,,,,2024,0
RA-1615,7.92,8.33,9.83,7.5,10.0,7.51,7.46,,,,,2024,0
RA-1616,8.33,6.17,8.44,7.19,5.0,7.51,7.12,,,,,2024,0
RA-1617,0.0,3.25,5.57,6.88,5.0,7.51,6.12,,,,,2024,0
RA-1618,8.33,6.33,7.91,7.5,5.0,7.51,6.83,,,,,2024,0
RA-1619,7.5,4.25,9.26,7.5,10.0,7.51,7.21,,,,,2024,0
RA-162,6.7,5.5,8.5,,10.0,7.5,6.54,7.22,Requer avaliação,Não,0.0,2022,0
RA-1620,8.75,5.17,6.67,7.5,5.0,7.51,7.05,,,,,2024,0
RA-1621,7.92,8.33,10.0,8.33,5.0,6.26,8.45,,,,,2024,0
RA-1622,8.33,9.67,10.0,8.33,5.0,7.51,7.89,,,,,2024,0
RA-1623,9.17,6.0,8.52,7.81,10.0,6.26,7.67,,,,,2024,0
RA-1624,7.92,7.5,9.46,7.81,5.0,7.51,7.64,,,,,2024,0
RA-1625,7.5,4.33,7.11,7.19,10.0,7.51,6.9,,,,,2024,0
RA-1626,8.75,7.33,9.7,8.28,10.0,7.51,8.4,,,,,2024,0
RA-1627,7.08,7.83,7.78,7.66,5.0,7.51,8.17,,,,,2024,0
RA-1628,8.33,5.83,8.51,6.88,10.0,7.51,6.8,,,,,2024,0
RA-1629,9.59,7.25,8.65,7.19,5.0,7.51,7.27,,,,,2024,0
RA-163,8.8,6.7,7.9,,5.0,5.6,6.5,6.8,Requer avaliação,Não,-1.0,2022,0
RA-1630,8.33,7.33,9.83,8.25,10.0,7.51,8.7,,,,,2024,0
RA-1631,9.59,7.17,10.0,8.5,5.0,7.51,8.47,,,,,2024,0
RA-1632,9.17,6.67,10.0,7.75,10.0,7.51,8.07,,,,,2024,0
RA-1633,,,0.0,,10.0,,,,,,,2024,0
RA-1634,,,0.0,,10.0,,,,,,,2024,0
RA-1635,,,0.0,,10.0,,,,,,,2024,0
RA-1636,,,0.0,,10.0,,,,,,,2024,0
RA-1637,,,0.0,,10.0,,,,,,,2024,0
RA-1638,,,0.0,,10.0,,,,,,,2024,0
RA-1639,,,0.0,,10.0,,,,,,,2024,0
RA-164,8.3,6.5,7.3,,5.0,5.6,7.21,6.78,Requer avaliação,Não,-2.0,2022,1
RA-164,0.0,5.8,8.2,6.88,5.0,2.52,6.96,6.78,,,,2023,1
RA-164,9.59,5.67,8.08,6.25,5.0,6.26,6.89,6.78,,,,2024,0
RA-1640,,,0.0,,10.0,,,,,,,2024,0
RA-1641,,,0.0,,10.0,,,,,,,2024,0
RA-1642,,,0.0,,10.0,,,,,,,2024,0
RA-1643,,,0.0,,10.0,,,,,,,2024,0
RA-1644,,,0.0,,10.0,,,,,,,2024,0
RA-1645,,,0.0,,10.0,,,,,,,2024,0
RA-1646,,,0.0,,10.0,,,,,,,2024,0
RA-1647,,,0.0,,10.0,,,,,,,2024,0
RA-1648,,,0.0,,10.0,,,,,,,2024,0
RA-1649,,,0.0,,10.0,,,,,,,2024,0
RA-165,7.1,7.6,9.8,,10.0,5.6,7.5,8.06,Sem limitações,Não,0.0,2022,1
RA-165,6.7,7.3,9.2,8.13,10.0,2.52,7.8,8.06,,,,2023,0
RA-165,7.5,8.5,9.43,7.97,10.0,7.51,7.89,8.06,,,,2024,0
RA-1650,,,0.0,,10.0,,,,,,,2024,0
RA-1651,,,0.0,,10.0,,,,,,,2024,0
RA-1652,,,0.0,,10.0,,,,,,,2024,0
RA-1653,,,0.0,,10.0,,,,,,,2024,0
RA-1654,,,0.0,,10.0,,,,,,,2024,0
RA-1655,,,0.0,,10.0,,,,,,,2024,0
RA-1656,,,0.0,,10.0,,,,,,,2024,0
RA-1657,,,0.0,,10.0,,,,,,,2024,0
RA-1658,,,0.0,,10.0,,,,,,,2024,0
RA-1659,,,0.0,,10.0,,,,,,,2024,0
RA-166,9.2,8.1,9.0,,10.0,6.3,7.54,8.25,Sem limitações,Não,0.0,2022,0
RA-166,7.5,8.1,8.9,8.44,10.0,6.26,7.46,8.25,,,,2023,0
RA-166,8.33,8.27,9.25,7.5,10.0,6.57,7.5,8.25,,,,2024,0
RA-1660,,,0.0,,10.0,,,,,,,2024,0
RA-1661,,,0.0,,10.0,,,,,,,2024,0
RA-167,9.2,7.9,9.7,,5.0,5.6,7.83,7.8,Requer avaliação,Não,-2.0,2022,0
RA-167,8.8,7.9,9.9,7.97,5.0,5.0,7.84,7.8,,,,2023,0
RA-167,8.75,8.17,9.47,8.38,5.0,6.26,8.33,7.8,,,,2024,0
RA-168,7.9,5.9,8.3,,5.0,6.3,7.08,6.92,Sem limitações,Não,-1.0,2022,1
RA-168,0.0,4.7,9.6,6.56,10.0,6.89,6.42,6.92,,,,2023,0
RA-169,7.5,3.2,5.1,,5.0,6.3,4.79,5.16,Sem limitações,Não,-1.0,2022,0
RA-17,8.8,7.8,10.0,,5.0,7.5,8.29,8.07,Não atendido,Não,-1.0,2022,0
RA-17,,,,,10.0,,,8.07,,,,2023,0
RA-17,,,0.0,,10.0,,,8.07,,,,2024,0
RA-170,8.3,4.9,9.2,,10.0,5.6,5.79,7.01,Requer avaliação,Não,0.0,2022,0
RA-170,8.8,7.2,8.9,6.88,5.0,2.52,7.67,7.01,,,,2023,0
RA-170,9.17,8.0,8.5,7.6,5.0,5.64,8.03,7.01,,,,2024,0
RA-171,7.5,5.5,6.8,,5.0,7.5,6.88,6.58,Sem limitações,Não,-2.0,2022,1
RA-171,7.5,5.2,7.2,7.19,5.0,5.0,6.76,6.58,,,,2023,0
RA-171,7.5,8.33,7.83,7.63,5.0,5.64,7.6,6.58,,,,2024,0
RA-172,9.2,7.3,8.9,,10.0,9.4,8.92,8.67,Sem limitações,Sim,0.0,2022,0
RA-172,0.0,,,,10.0,3.77,,8.67,,,,2023,0
RA-172,8.75,6.93,9.8,7.5,10.0,6.57,7.5,8.67,,,,2024,0
RA-173,8.3,7.9,9.2,,2.5,6.9,9.25,7.82,Requer avaliação,Sim,-3.0,2022,0
RA-173,9.2,8.1,8.5,8.13,5.0,6.26,7.88,7.82,,,,2023,0
RA-173,,,0.0,,10.0,,,7.82,,,,2024,0
RA-174,7.9,4.4,6.2,,5.0,7.5,6.04,6.08,Sem limitações,Não,-1.0,2022,0
RA-174,7.9,5.1,5.6,7.5,5.0,5.0,7.21,6.08,,,,2023,0
RA-175,8.3,5.9,9.2,,5.0,5.6,5.83,6.75,Requer avaliação,Não,-1.0,2022,1
RA-175,8.8,4.8,9.2,7.19,5.0,2.52,7.09,6.75,,,,2023,0
RA-175,10.0,8.5,9.47,7.5,5.0,6.26,7.77,6.75,,,,2024,0
RA-176,9.6,6.9,9.1,,10.0,5.6,9.08,8.43,Requer avaliação,Sim,0.0,2022,0
RA-176,9.6,8.0,9.5,8.13,10.0,2.52,9.0,8.43,,,,2023,0
RA-176,9.59,8.83,9.55,8.59,10.0,6.26,8.55,8.43,,,,2024,0
RA-177,7.9,6.8,8.8,,10.0,4.4,6.96,7.42,Requer avaliação,Não,0.0,2022,0
RA-178,0.0,6.3,8.8,,10.0,4.4,8.46,7.03,Requer avaliação,Sim,0.0,2022,1
RA-178,7.9,5.9,8.7,7.66,10.0,2.52,8.42,7.03,,,,2023,1
RA-178,9.59,4.17,8.74,7.63,10.0,6.26,6.53,7.02,,,,2024,0
RA-179,7.5,6.1,9.2,,10.0,7.5,8.04,7.99,Sem limitações,Não,0.0,2022,0
RA-179,8.8,6.4,9.4,8.59,10.0,7.52,8.92,7.99,,,,2023,0
RA-179,9.17,8.17,9.41,8.75,10.0,9.38,8.44,7.99,,,,2024,0
RA-18,6.3,9.0,8.7,,5.0,6.3,6.88,7.23,Requer avaliação,Não,-1.0,2022,0
RA-180,9.2,8.1,8.3,,10.0,6.3,8.63,8.44,Requer avaliação,Sim,0.0,2022,1
RA-180,9.2,8.0,9.4,8.44,10.0,2.52,8.92,8.44,,,,2023,0
RA-180,9.17,8.5,9.43,8.13,10.0,7.51,8.67,8.44,,,,2024,0
RA-181,9.2,6.8,9.5,,10.0,8.8,8.46,8.62,Não atendido,Sim,0.0,2022,0
RA-181,9.6,6.8,8.3,7.97,10.0,2.52,8.25,8.62,,,,2023,1
RA-181,7.5,4.33,8.74,7.63,10.0,6.26,8.44,8.62,,,,2024,0
RA-182,7.5,4.1,8.0,,2.5,7.5,6.96,6.33,Não atendido,Não,-3.0,2022,0
RA-183,8.3,3.8,8.8,,10.0,7.5,7.25,7.3,Não atendido,Não,0.0,2022,0
RA-183,7.9,7.7,9.7,7.97,5.0,2.52,8.8,7.3,,,,2023,1
RA-183,7.92,7.5,9.25,8.25,10.0,6.26,8.37,7.3,,,,2024,0
RA-184,8.8,7.2,7.7,,2.5,7.5,8.0,7.28,Não atendido,Não,-3.0,2022,1
RA-184,7.9,7.1,9.5,8.59,10.0,7.52,8.5,7.28,,,,2023,0
RA-184,8.75,8.17,8.7,7.97,10.0,6.26,9.0,7.28,,,,2024,0
RA-185,7.9,4.5,7.7,,5.0,7.5,6.88,6.62,Não atendido,Não,-2.0,2022,0
RA-186,8.3,6.6,8.5,,10.0,7.5,7.5,7.83,Não atendido,Não,0.0,2022,0
RA-186,7.5,6.9,9.7,7.97,10.0,2.52,8.46,7.83,,,,2023,0
RA-186,7.92,7.17,9.64,8.13,10.0,6.26,8.67,7.83,,,,2024,0
RA-187,8.8,5.8,8.9,,10.0,7.5,7.92,7.93,Não atendido,Não,0.0,2022,0
RA-187,7.5,6.9,9.9,7.97,10.0,2.52,8.26,7.93,,,,2023,0
RA-187,8.75,7.83,9.54,8.44,10.0,5.64,9.06,7.93,,,,2024,0
RA-188,0.0,2.7,6.1,,5.0,7.5,7.58,5.31,Não atendido,Não,-1.0,2022,0
RA-189,10.0,7.2,9.7,,5.0,5.0,7.33,7.63,Requer avaliação,Não,-1.0,2022,1
RA-189,7.9,6.5,9.4,8.28,10.0,2.52,8.38,7.63,,,,2023,0
RA-189,10.0,8.17,10.0,6.88,10.0,6.26,8.2,7.63,,,,2024,0
RA-19,7.9,8.0,9.5,,5.0,7.5,7.0,7.67,Sem limitações,Não,-1.0,2022,1
RA-19,7.9,7.8,9.4,7.75,5.0,5.63,8.17,7.67,,,,2023,0
RA-19,,,0.0,,10.0,,,7.67,,,,2024,0
RA-190,6.7,6.3,6.9,,10.0,8.8,7.25,7.34,Não atendido,Não,0.0,2022,1
RA-190,7.9,5.7,9.5,7.66,5.0,2.52,7.96,7.34,,,,2023,0
RA-191,10.0,7.2,9.4,,10.0,8.8,8.5,8.74,Não atendido,Sim,0.0,2022,0
RA-191,0.0,7.8,9.7,8.13,10.0,2.52,8.46,8.74,,,,2023,1
RA-191,7.5,6.4,9.57,7.5,10.0,5.95,7.5,8.74,,,,2024,0
RA-192,8.8,2.7,3.6,,5.0,7.5,4.71,4.93,Não atendido,Não,-2.0,2022,0
RA-192,8.8,6.5,6.2,7.19,5.0,5.0,7.38,4.93,,,,2023,0
RA-192,8.33,7.17,6.36,7.13,5.0,7.51,6.9,4.93,,,,2024,0
RA-193,9.2,6.7,8.9,,10.0,5.6,8.5,8.16,Sem limitações,Sim,0.0,2022,1
RA-193,8.3,6.5,9.4,8.13,10.0,2.52,8.17,8.16,,,,2023,0
RA-193,8.75,7.0,9.85,8.44,10.0,6.26,8.75,8.16,,,,2024,0
RA-194,0.0,3.2,6.2,,5.0,5.0,3.75,4.27,Requer avaliação,Não,-1.0,2022,0
RA-195,8.8,6.3,9.2,,10.0,5.0,8.25,8.02,Requer avaliação,Não,0.0,2022,1
RA-195,7.1,6.0,9.2,8.44,10.0,2.52,8.79,8.02,,,,2023,0
RA-195,7.5,7.83,9.68,7.97,10.0,6.26,8.97,8.02,,,,2024,0
RA-196,9.2,5.1,9.1,,10.0,7.5,8.63,8.12,Não atendido,Sim,0.0,2022,0
RA-196,7.9,6.2,9.0,8.28,10.0,2.52,8.21,8.12,,,,2023,0
RA-196,8.75,8.0,9.69,8.75,10.0,7.51,8.92,8.12,,,,2024,0
RA-197,8.8,7.3,9.7,,10.0,4.4,8.29,8.22,Requer avaliação,Não,0.0,2022,1
RA-197,8.3,7.2,9.8,7.97,10.0,2.52,8.46,8.22,,,,2023,0
RA-197,7.5,8.33,9.85,7.97,10.0,6.26,8.8,8.22,,,,2024,0
RA-198,0.0,4.6,6.2,,10.0,5.0,5.96,5.55,Requer avaliação,Não,0.0,2022,0
RA-199,8.3,7.5,7.1,,10.0,7.5,6.46,7.56,Não atendido,Não,0.0,2022,0
RA-199,9.2,8.5,7.6,7.97,5.0,7.51,8.51,7.56,,,,2023,1
RA-199,8.33,7.17,7.55,8.13,5.0,6.88,8.21,7.56,,,,2024,0
RA-2,8.8,6.8,5.2,,10.0,6.3,6.78,7.06,Sem limitações,Não,0.0,2022,0
RA-2,,,,,10.0,,,7.06,,,,2023,0
RA-2,,,0.0,,10.0,,,7.05,,,,2024,0
RA-20,7.1,7.8,10.0,,5.0,6.3,7.17,7.54,Não atendido,Não,-1.0,2022,0
RA-200,7.9,5.5,5.6,,5.0,4.4,4.92,5.71,Requer avaliação,Não,-2.0,2022,1
RA-200,9.6,4.3,4.5,7.5,5.0,2.52,7.17,5.71,,,,2023,0
RA-201,7.9,6.5,7.3,,5.0,7.5,7.54,7.08,Não atendido,Não,-2.0,2022,0
RA-202,0.0,5.4,5.2,,5.0,4.4,6.92,5.2,Requer avaliação,Não,-1.0,2022,0
RA-202,8.8,5.9,7.9,7.97,5.0,2.52,8.01,5.2,,,,2023,0
RA-202,8.33,7.5,7.88,7.66,5.0,6.26,7.75,5.2,,,,2024,0
RA-203,8.8,2.8,4.3,,5.0,7.5,6.88,5.67,Não atendido,Não,-1.0,2022,0
RA-204,7.9,7.4,6.7,,10.0,4.4,5.71,6.94,Requer avaliação,Não,0.0,2022,1
RA-204,8.8,7.1,7.9,8.28,10.0,2.52,8.05,6.94,,,,2023,0
RA-204,9.17,7.5,6.83,7.13,10.0,6.26,8.59,6.94,,,,2024,0
RA-205,9.6,4.1,3.8,,5.0,7.5,4.83,5.37,Não atendido,Não,-1.0,2022,0
RA-205,9.6,6.6,7.6,7.03,5.0,4.38,7.09,5.37,,,,2023,0
RA-206,8.3,5.0,8.8,,10.0,7.5,5.17,7.1,Não atendido,Não,0.0,2022,0
RA-207,0.0,5.8,4.8,,2.5,7.5,5.71,4.94,Não atendido,Não,-3.0,2022,0
RA-208,7.5,6.1,7.1,,5.0,7.5,6.42,6.67,Não atendido,Não,-1.0,2022,0
RA-209,0.0,6.0,4.8,,5.0,5.6,3.75,4.5,Requer avaliação,Não,-1.0,2022,0
RA-21,9.6,3.8,9.2,,5.0,7.5,7.25,6.95,Não atendido,Não,-1.0,2022,0
RA-21,,,,,10.0,,,6.95,,,,2023,0
RA-21,,,0.0,,10.0,,,6.94,,,,2024,0
RA-210,0.0,3.4,5.1,,5.0,7.5,4.42,4.44,Não atendido,Não,-1.0,2022,0
RA-211,9.2,7.6,8.8,,10.0,7.5,8.46,8.47,Não atendido,Sim,0.0,2022,1
RA-211,9.6,7.1,9.4,7.66,10.0,2.52,8.71,8.47,,,,2023,1
RA-211,9.59,7.0,9.38,7.25,10.0,7.51,7.87,8.46,,,,2024,0
RA-212,9.6,6.2,8.4,,5.0,7.5,6.96,7.27,Não atendido,Não,-1.0,2022,0
RA-213,9.6,3.5,8.7,,10.0,7.5,6.83,7.21,Não atendido,Não,0.0,2022,0
RA-214,0.0,4.3,6.1,,5.0,7.5,5.13,4.87,Não atendido,Não,-2.0,2022,0
RA-215,6.7,7.8,5.8,,10.0,7.5,6.54,7.17,Não atendido,Não,0.0,2022,1
RA-215,8.8,6.9,6.6,7.97,10.0,2.52,7.71,7.17,,,,2023,1
RA-215,7.08,5.67,6.46,8.0,10.0,6.26,7.43,7.17,,,,2024,0
RA-216,7.9,7.0,8.5,,10.0,7.5,5.58,7.5,Não atendido,Não,0.0,2022,0
RA-217,7.9,7.1,8.5,,5.0,7.5,7.29,7.4,Não atendido,Não,-2.0,2022,1
RA-217,8.3,5.6,8.6,8.44,5.0,2.52,8.5,7.4,,,,2023,0
RA-217,8.33,7.83,8.92,7.13,5.0,6.26,6.99,7.4,,,,2024,0
RA-218,6.3,4.0,7.3,,5.0,7.5,6.13,6.1,Não atendido,Não,-1.0,2022,0
RA-218,0.0,6.7,6.7,7.97,5.0,2.52,7.88,6.1,,,,2023,0
RA-219,8.8,3.5,6.9,,2.5,7.5,6.38,5.94,Não atendido,Não,-3.0,2022,0
RA-22,8.3,6.7,7.4,,5.0,8.1,8.83,7.47,Sem limitações,Sim,-1.0,2022,0
RA-220,0.0,6.5,8.1,,10.0,7.5,7.83,7.03,Não atendido,Não,0.0,2022,1
RA-220,8.8,6.1,7.6,7.19,10.0,2.52,7.55,7.03,,,,2023,0
RA-220,8.75,6.83,8.2,7.25,10.0,6.26,7.33,7.03,,,,2024,0
RA-221,9.6,5.2,8.5,,5.0,7.5,6.0,6.89,Não atendido,Não,-1.0,2022,1
RA-221,9.6,5.0,9.0,7.19,5.0,5.0,7.38,6.89,,,,2023,0
RA-222,7.1,6.2,4.6,,5.0,7.5,4.92,5.6,Não atendido,Não,-2.0,2022,0
RA-223,0.0,3.1,4.6,,10.0,7.5,5.58,4.97,Não atendido,Não,0.0,2022,0
RA-223,0.0,3.8,4.5,7.5,5.0,7.52,7.17,4.97,,,,2023,0
RA-224,9.6,2.6,4.3,,10.0,7.5,4.88,5.67,Não atendido,Não,0.0,2022,0
RA-225,8.3,5.0,5.3,,5.0,7.5,5.71,5.92,Não atendido,Não,-1.0,2022,0
RA-226,7.5,6.8,6.1,,5.0,7.5,6.21,6.55,Não atendido,Não,-1.0,2022,0
RA-227,9.2,3.3,6.4,,10.0,7.5,5.83,6.47,Não atendido,Não,0.0,2022,0
RA-227,9.6,6.9,7.5,8.28,10.0,5.63,7.46,6.47,,,,2023,1
RA-227,9.59,6.5,8.1,7.5,10.0,9.38,7.54,6.47,,,,2024,0
RA-228,7.5,4.8,6.7,,5.0,7.5,6.42,6.2,Não atendido,Não,-2.0,2022,0
RA-229,10.0,6.9,9.4,,10.0,7.5,8.5,8.62,Não atendido,Sim,0.0,2022,0
RA-229,9.2,7.8,9.8,8.28,10.0,2.52,8.42,8.62,,,,2023,0
RA-229,9.59,8.83,9.84,8.28,10.0,5.64,8.84,8.62,,,,2024,0
RA-23,8.3,6.7,8.2,,5.0,8.1,8.56,7.68,Sem limitações,Sim,-1.0,2022,0
RA-23,,,,,10.0,,,7.68,,,,2023,0
RA-23,,,0.0,,10.0,,,7.68,,,,2024,0
RA-230,7.9,5.7,5.1,,5.0,7.5,6.75,6.33,Não atendido,Não,-1.0,2022,0
RA-231,8.8,3.8,7.4,,5.0,7.5,5.33,6.12,Não atendido,Não,-1.0,2022,0
RA-232,0.0,0.0,4.9,,10.0,7.5,4.54,4.25,Não atendido,Não,0.0,2022,0
RA-233,7.9,3.8,7.4,,5.0,7.5,5.5,6.05,Não atendido,Não,-1.0,2022,0
RA-234,10.0,4.3,7.6,,10.0,5.6,5.58,6.72,Sem limitações,Não,0.0,2022,0
RA-234,6.7,5.6,8.0,4.84,10.0,2.52,5.6,6.72,,,,2023,0
RA-235,8.3,6.3,7.3,,5.0,7.5,6.42,6.79,Não atendido,Não,-1.0,2022,0
RA-236,9.6,3.7,7.5,,10.0,7.5,7.21,7.11,Não atendido,Não,0.0,2022,0
RA-236,10.0,4.5,7.5,7.19,10.0,7.52,7.3,7.11,,,,2023,0
RA-236,9.17,4.5,7.89,6.88,10.0,6.26,6.36,7.11,,,,2024,0
RA-237,10.0,7.8,9.0,,5.0,7.5,8.42,8.08,Não atendido,Sim,-1.0,2022,1
RA-237,8.3,6.7,9.5,8.13,5.0,2.52,8.96,8.08,,,,2023,0
RA-237,8.75,7.67,9.69,7.92,5.0,6.26,8.34,8.08,,,,2024,0
RA-238,8.8,5.1,6.4,,5.0,5.0,7.21,6.33,Requer avaliação,Não,-1.0,2022,0
RA-239,0.0,3.7,3.7,,5.0,7.5,5.96,4.57,Não atendido,Não,-2.0,2022,0
RA-239,0.0,7.0,8.4,8.13,5.0,5.0,7.63,4.57,,,,2023,1
RA-239,8.75,6.67,6.36,7.88,2.5,5.64,8.5,4.57,,,,2024,0
RA-24,9.2,8.6,7.9,,5.0,6.9,9.11,8.09,Requer avaliação,Sim,-1.0,2022,0
RA-240,7.1,4.7,8.1,,10.0,5.0,7.04,6.94,Requer avaliação,Não,0.0,2022,0
RA-240,7.1,4.8,6.7,6.88,10.0,2.52,6.92,6.94,,,,2023,0
RA-241,10.0,7.7,10.0,,5.0,7.5,9.13,8.47,Não atendido,Sim,-1.0,2022,1
RA-241,0.0,7.5,9.9,8.75,5.0,2.52,9.55,8.47,,,,2023,1
RA-241,10.0,6.82,9.89,7.5,10.0,7.2,7.5,8.47,,,,2024,0
RA-242,9.6,8.2,9.7,,10.0,5.6,8.71,8.67,Requer avaliação,Sim,0.0,2022,1
RA-242,7.1,7.9,9.7,8.59,10.0,2.52,9.38,8.67,,,,2023,1
RA-242,9.59,7.65,9.62,7.5,10.0,6.26,7.5,8.67,,,,2024,0
RA-243,7.1,6.0,8.7,,5.0,5.0,7.88,6.98,Requer avaliação,Não,-2.0,2022,0
RA-244,7.5,7.8,9.4,,10.0,6.3,9.21,8.51,Requer avaliação,Sim,0.0,2022,1
RA-244,0.0,7.3,8.8,8.13,10.0,2.52,8.83,8.51,,,,2023,0
RA-244,7.5,9.5,10.0,8.13,10.0,6.26,8.17,8.51,,,,2024,0
RA-245,10.0,8.4,9.9,,5.0,7.5,9.25,8.66,Não atendido,Sim,-1.0,2022,1
RA-245,0.0,8.1,10.0,8.75,5.0,2.52,9.59,8.66,,,,2023,1
RA-245,9.17,8.03,9.95,7.5,10.0,6.89,7.5,8.66,,,,2024,0
RA-246,8.3,7.6,9.4,,10.0,7.5,9.17,8.64,Não atendido,Sim,0.0,2022,1
RA-246,8.8,6.8,9.9,8.13,10.0,4.39,8.92,8.64,,,,2023,1
RA-246,8.33,0.0,0.0,7.5,10.0,6.57,7.5,8.64,,,,2024,0
RA-247,8.3,5.8,8.2,,10.0,7.5,7.88,7.72,Não atendido,Não,0.0,2022,0
RA-247,0.0,7.2,8.5,8.28,10.0,7.52,7.54,7.72,,,,2023,1
RA-247,0.0,4.33,8.31,7.75,10.0,6.26,8.59,7.72,,,,2024,0
RA-248,9.2,5.2,7.6,,10.0,7.5,7.29,7.43,Não atendido,Não,0.0,2022,0
RA-249,6.7,2.9,7.4,,5.0,5.0,4.29,5.1,Não atendido,Não,-1.0,2022,0
RA-249,0.0,4.9,8.2,5.16,5.0,5.0,6.55,5.1,,,,2023,0
RA-249,7.08,5.0,6.65,6.75,5.0,5.0,7.06,5.1,,,,2024,0
RA-25,8.3,6.9,8.3,,5.0,8.8,9.67,7.98,Sem limitações,Sim,-1.0,2022,0
RA-25,,,,,10.0,,,7.98,,,,2023,0
RA-25,,,0.0,,10.0,,,7.98,,,,2024,0
RA-250,8.3,6.6,8.6,,10.0,7.5,7.63,7.96,Não atendido,Não,0.0,2022,0
RA-250,0.0,8.3,9.3,7.97,10.0,5.63,8.63,7.96,,,,2023,0
RA-250,9.17,9.17,9.63,8.96,10.0,6.88,8.95,7.96,,,,2024,0
RA-251,10.0,6.3,8.1,,5.0,5.6,6.63,7.02,Sem limitações,Não,-2.0,2022,1
RA-251,9.6,5.3,8.0,7.34,5.0,2.52,7.84,7.02,,,,2023,1
RA-251,8.75,4.5,8.61,6.88,5.0,5.63,7.33,7.02,,,,2024,0
RA-252,9.2,0.9,2.8,,5.0,7.5,3.88,4.28,Não atendido,Não,-1.0,2022,0
RA-253,9.2,1.8,3.6,,5.0,5.0,3.75,4.31,Requer avaliação,Não,-2.0,2022,0
RA-254,10.0,5.3,7.4,,5.0,5.6,6.92,6.72,Requer avaliação,Não,-1.0,2022,0
RA-254,9.6,5.9,8.8,7.81,5.0,,7.71,6.72,,,,2023,0
RA-255,7.5,1.3,3.8,,5.0,5.0,5.54,4.56,Não indicado,Não,-1.0,2022,0
RA-256,8.8,5.2,8.5,,10.0,5.0,6.71,7.19,Requer avaliação,Não,0.0,2022,0
RA-257,0.0,3.6,6.4,,5.0,5.6,6.71,5.15,Requer avaliação,Não,-1.0,2022,0
RA-258,10.0,4.8,7.3,,10.0,5.6,6.13,6.93,Sem limitações,Não,0.0,2022,1
RA-258,7.08,2.5,6.94,7.34,10.0,7.51,6.73,6.93,,,,2024,0
RA-259,8.8,0.9,2.9,,2.5,7.5,4.63,4.18,Não atendido,Não,-3.0,2022,0
RA-26,9.6,8.0,8.8,,5.0,10.0,10.0,8.68,Sem limitações,Sim,-1.0,2022,0
RA-26,0.0,,,,5.0,7.52,,8.68,,,,2023,0
RA-26,,,0.0,,10.0,,,8.68,,,,2024,0
RA-260,10.0,5.0,8.2,,10.0,7.5,6.46,7.44,Não atendido,Não,0.0,2022,0
RA-260,9.2,6.1,9.9,7.34,10.0,7.52,7.42,7.44,,,,2023,0
RA-260,8.75,7.0,9.67,7.88,10.0,7.51,8.5,7.44,,,,2024,0
RA-261,8.8,5.8,7.2,,5.0,5.6,7.04,6.76,Sem limitações,Não,-1.0,2022,0
RA-262,0.0,3.4,5.8,,5.0,5.6,5.63,4.79,Sem limitações,Não,-2.0,2022,0
RA-262,0.0,3.8,3.7,7.03,5.0,5.0,6.05,4.79,,,,2023,0
RA-262,7.92,4.17,4.85,7.0,5.0,7.51,6.3,4.79,,,,2024,0
RA-263,5.8,3.7,5.6,,5.0,7.5,4.42,5.32,Não atendido,Não,-2.0,2022,0
RA-264,10.0,5.8,9.2,,5.0,5.6,6.63,7.09,Requer avaliação,Não,-2.0,2022,0
RA-265,8.3,6.9,7.7,,10.0,7.5,7.92,7.93,Não atendido,Não,0.0,2022,0
RA-265,8.3,7.0,8.7,7.97,10.0,,7.88,7.93,,,,2023,0
RA-266,7.5,6.0,5.8,,2.5,5.6,6.58,5.99,Requer avaliação,Não,-3.0,2022,0
RA-267,10.0,3.3,7.4,,5.0,5.0,6.29,6.01,Não indicado,Não,-2.0,2022,1
RA-267,7.9,2.7,7.7,4.69,5.0,,6.51,6.01,,,,2023,1
RA-267,10.0,2.0,8.29,4.58,5.0,6.26,6.27,6.01,,,,2024,0
RA-268,9.2,5.7,6.7,,5.0,6.3,7.21,6.7,Requer avaliação,Não,-1.0,2022,0
RA-269,9.2,8.9,8.6,,10.0,6.3,7.25,8.23,Requer avaliação,Não,0.0,2022,1
RA-269,9.6,7.4,9.0,8.59,10.0,2.52,8.8,8.23,,,,2023,0
RA-269,9.17,8.2,9.6,7.5,10.0,7.51,7.5,8.23,,,,2024,0
RA-27,0.0,8.0,7.6,,5.0,8.1,9.11,7.12,Sem limitações,Sim,-1.0,2022,1
RA-27,6.7,6.9,7.7,8.63,10.0,6.89,8.88,7.12,,,,2023,0
RA-27,,,0.0,,10.0,,,7.12,,,,2024,0
RA-270,8.3,7.9,8.4,,10.0,6.9,8.13,8.23,Não atendido,Não,0.0,2022,1
RA-270,9.2,6.6,9.0,8.75,10.0,2.52,9.13,8.23,,,,2023,1
RA-270,9.17,0.0,0.0,7.5,10.0,6.26,7.5,8.23,,,,2024,0
RA-271,9.2,7.1,8.5,,5.0,5.6,6.96,7.26,Requer avaliação,Não,-2.0,2022,1
RA-271,0.0,5.9,9.3,8.13,5.0,2.52,7.71,7.26,,,,2023,0
RA-271,9.17,7.33,8.96,7.5,5.0,6.26,6.75,7.25,,,,2024,0
RA-272,9.2,5.1,5.7,,5.0,7.5,6.42,6.36,Não atendido,Não,-1.0,2022,0
RA-273,9.2,3.0,5.3,,5.0,7.5,5.83,5.68,Não atendido,Não,-1.0,2022,0
RA-273,7.9,5.0,7.4,7.81,5.0,2.52,7.63,5.68,,,,2023,1
RA-273,9.17,4.5,7.32,8.13,5.0,6.26,6.9,5.68,,,,2024,0
RA-274,7.9,8.1,8.3,,10.0,7.5,7.0,7.95,Não atendido,Não,1.0,2022,1
RA-274,7.5,7.5,9.5,7.66,10.0,5.63,8.3,7.95,,,,2023,0
RA-274,8.33,9.33,9.65,8.13,10.0,5.64,8.23,7.95,,,,2024,0
RA-275,9.6,4.6,6.9,,5.0,7.5,6.67,6.67,Não atendido,Não,-2.0,2022,0
RA-276,7.1,4.3,5.7,,5.0,5.6,5.13,5.53,Não indicado,Não,-1.0,2022,0
RA-276,6.3,5.5,8.5,7.03,10.0,2.52,6.59,5.53,,,,2023,0
RA-277,7.1,7.4,8.8,,5.0,7.5,7.21,7.41,Não atendido,Não,-1.0,2022,1
RA-277,8.3,5.5,9.9,8.13,5.0,7.52,8.75,7.41,,,,2023,0
RA-277,8.33,6.9,9.74,7.5,10.0,6.57,7.5,7.41,,,,2024,0
RA-278,8.8,6.0,9.2,,10.0,5.6,7.42,7.74,Requer avaliação,Não,0.0,2022,1
RA-278,0.0,5.6,9.8,8.75,10.0,5.63,8.38,7.74,,,,2023,0
RA-278,9.17,9.33,9.86,8.13,10.0,7.51,7.95,7.74,,,,2024,0
RA-279,9.2,9.1,9.9,,10.0,6.3,8.21,8.82,Sem limitações,Não,0.0,2022,1
RA-279,8.8,8.9,10.0,8.75,10.0,6.27,9.21,8.82,,,,2023,0
RA-279,9.17,9.33,10.0,8.33,10.0,7.51,8.73,8.82,,,,2024,0
RA-28,7.9,5.0,6.1,,5.0,7.5,6.33,6.24,Requer avaliação,Não,-1.0,2022,0
RA-280,7.5,7.1,9.2,,10.0,7.5,7.33,8.05,Sem limitações,Não,0.0,2022,1
RA-280,6.7,6.5,9.5,8.28,10.0,7.52,8.71,8.05,,,,2023,0
RA-280,7.92,9.33,9.86,8.33,10.0,6.26,8.67,8.05,,,,2024,0
RA-281,6.7,5.9,6.9,,10.0,7.5,5.63,6.81,Sem limitações,Não,0.0,2022,0
RA-282,8.8,4.0,6.8,,10.0,7.5,5.63,6.62,Sem limitações,Não,0.0,2022,0
RA-283,9.6,5.6,8.8,,5.0,7.5,6.63,7.13,Não atendido,Não,-1.0,2022,0
RA-283,8.3,6.8,9.5,7.03,5.0,7.52,7.5,7.13,,,,2023,0
RA-283,8.75,8.0,9.76,7.81,5.0,6.89,7.74,7.13,,,,2024,0
RA-284,6.7,3.8,5.1,,10.0,5.6,5.96,5.94,Sem limitações,Não,0.0,2022,0
RA-285,9.2,2.8,4.1,,2.5,7.5,5.75,5.06,Sem limitações,Não,-3.0,2022,0
RA-285,8.3,4.7,4.6,7.66,2.5,2.52,7.13,5.06,,,,2023,0
RA-286,7.1,3.0,5.8,,5.0,6.3,5.63,5.42,Sem limitações,Não,-2.0,2022,0
RA-286,0.0,4.7,7.5,8.13,5.0,5.0,7.34,5.42,,,,2023,1
RA-286,6.67,3.17,4.03,7.34,5.0,6.26,5.78,5.42,,,,2024,0
RA-287,7.9,1.1,3.4,,2.5,5.0,4.29,3.7,Requer avaliação,Não,-4.0,2022,0
RA-287,0.0,3.9,4.8,4.22,2.5,2.52,5.38,3.7,,,,2023,0
RA-288,0.0,0.0,5.6,,2.5,6.3,6.83,4.1,Sem limitações,Não,-3.0,2022,0
RA-289,0.0,6.8,7.8,,5.0,6.3,7.25,6.24,Sem limitações,Não,-1.0,2022,0
RA-29,0.0,3.7,4.0,,5.0,8.8,7.61,4.99,Requer avaliação,Não,-1.0,2022,0
RA-29,,,,,10.0,,,4.99,,,,2023,0
RA-29,,,0.0,,10.0,,,4.99,,,,2024,0
RA-290,10.0,1.7,3.9,,2.5,6.3,6.04,4.93,Sem limitações,Não,-4.0,2022,0
RA-291,8.3,8.0,8.2,,10.0,6.9,7.79,8.12,Sem limitações,Não,0.0,2022,1
RA-291,8.8,7.1,8.6,8.91,10.0,7.52,9.21,8.12,,,,2023,1
RA-291,8.75,6.17,9.74,7.5,10.0,6.26,7.5,8.12,,,,2024,0
RA-292,7.9,1.8,3.7,,2.5,7.5,6.29,4.84,Não atendido,Não,-3.0,2022,0
RA-293,8.8,2.3,2.9,,10.0,7.5,3.33,4.88,Não atendido,Não,0.0,2022,0
RA-294,9.6,0.0,5.8,,2.5,7.5,5.92,5.03,Não atendido,Não,-5.0,2022,0
RA-295,7.9,6.9,8.0,,5.0,7.5,7.38,7.31,Não atendido,Não,-1.0,2022,0
RA-295,8.8,7.7,8.8,9.06,5.0,2.52,9.01,7.31,,,,2023,0
RA-296,8.8,2.8,3.6,,5.0,7.5,3.83,4.67,Não atendido,Não,-2.0,2022,0
RA-297,7.1,6.6,7.9,,10.0,6.3,7.42,7.48,Sem limitações,Não,0.0,2022,0
RA-298,9.2,5.2,6.3,,10.0,5.6,5.42,6.41,Sem limitações,Não,0.0,2022,0
RA-298,9.6,5.5,8.6,7.5,5.0,2.52,7.75,6.41,,,,2023,0
RA-299,7.1,6.8,8.2,,10.0,5.0,6.71,7.28,Requer avaliação,Não,0.0,2022,1
RA-299,0.0,6.1,9.6,7.97,10.0,2.52,8.01,7.28,,,,2023,0
RA-299,8.75,8.17,8.96,7.5,10.0,6.26,7.5,7.28,,,,2024,0
RA-3,0.0,5.6,7.9,,10.0,5.6,7.56,6.59,Sem limitações,Não,0.0,2022,0
RA-30,8.8,7.5,6.4,,10.0,7.5,7.33,7.61,Sem limitações,Não,0.0,2022,0
RA-300,5.4,3.1,6.9,,5.0,6.3,5.88,5.56,Sem limitações,Não,-1.0,2022,0
RA-300,5.0,4.5,7.5,6.41,5.0,2.52,6.59,5.56,,,,2023,0
RA-301,8.8,6.3,5.8,,10.0,5.6,6.04,6.8,Sem limitações,Não,0.0,2022,1
RA-301,9.2,5.2,5.4,6.72,10.0,7.52,6.47,6.8,,,,2023,0
RA-301,9.17,9.0,7.49,8.02,10.0,7.51,8.21,6.8,,,,2024,0
RA-302,9.2,4.8,7.7,,2.5,6.9,6.21,6.33,Sem limitações,Não,-3.0,2022,1
RA-302,0.0,4.3,7.3,7.5,5.0,5.0,6.26,6.33,,,,2023,0
RA-303,7.5,3.9,7.2,,5.0,7.5,5.38,6.03,Não atendido,Não,-1.0,2022,0
RA-303,0.0,5.1,7.3,7.66,5.0,7.52,7.05,6.03,,,,2023,0
RA-303,8.75,5.67,3.95,6.88,5.0,7.51,7.54,6.03,,,,2024,0
RA-304,8.8,4.3,7.7,,5.0,7.5,5.54,6.36,Não atendido,Não,-2.0,2022,0
RA-304,0.0,5.7,8.8,7.81,5.0,5.0,7.84,6.36,,,,2023,0
RA-304,10.0,7.17,7.83,6.88,2.5,7.51,5.83,6.36,,,,2024,0
RA-305,7.9,4.8,6.6,,5.0,7.5,5.21,6.06,Não atendido,Não,-1.0,2022,0
RA-305,0.0,5.2,8.9,7.66,5.0,7.52,7.75,6.06,,,,2023,1
RA-305,8.33,4.83,7.9,7.81,5.0,6.26,7.03,6.06,,,,2024,0
RA-306,8.3,5.2,6.8,,5.0,7.5,5.96,6.43,Não atendido,Não,-1.0,2022,1
RA-306,0.0,4.0,7.9,7.34,5.0,6.26,7.46,6.43,,,,2023,1
RA-306,7.92,2.83,7.7,7.34,5.0,7.51,6.41,6.43,,,,2024,0
RA-307,5.4,2.5,4.5,,5.0,7.5,4.71,4.73,Não atendido,Não,-1.0,2022,0
RA-307,0.0,6.3,6.5,7.5,5.0,7.52,7.46,4.73,,,,2023,0
RA-308,7.9,5.0,7.4,,10.0,6.9,6.17,6.93,Sem limitações,Não,0.0,2022,1
RA-308,5.4,4.9,6.8,7.03,10.0,5.0,7.5,6.93,,,,2023,0
RA-308,7.08,6.5,8.71,7.5,10.0,5.64,7.12,6.93,,,,2024,0
RA-309,9.2,6.5,5.2,,5.0,7.5,5.08,6.15,Não atendido,Não,-1.0,2022,0
RA-31,10.0,8.0,9.5,,5.0,9.4,10.0,8.84,Sem limitações,Sim,-1.0,2022,0
RA-31,,,,,10.0,,,8.84,,,,2023,0
RA-31,,,0.0,,10.0,,,8.84,,,,2024,0
RA-310,7.9,4.5,7.5,,5.0,7.5,6.0,6.4,Não atendido,Não,-2.0,2022,0
RA-311,7.9,5.2,5.6,,2.5,5.0,6.22,5.65,Requer avaliação,Não,-3.0,2022,0
RA-312,9.6,5.2,8.1,,10.0,7.5,6.17,7.34,Não atendido,Não,0.0,2022,0
RA-313,7.5,4.1,7.0,,5.0,5.0,5.89,5.8,Requer avaliação,Não,-1.0,2022,1
RA-313,9.2,3.9,8.7,7.66,10.0,2.52,7.75,5.8,,,,2023,0
RA-313,8.75,4.83,9.67,7.81,5.0,5.63,8.17,5.8,,,,2024,0
RA-314,5.4,5.3,5.4,,10.0,5.0,6.0,6.1,Requer avaliação,Não,0.0,2022,0
RA-315,6.7,3.0,5.1,,10.0,7.5,5.06,5.67,Não atendido,Não,0.0,2022,0
RA-315,0.0,6.3,6.8,7.97,5.0,5.0,7.84,5.67,,,,2023,0
RA-315,0.0,6.83,5.92,7.5,5.0,7.51,7.63,5.67,,,,2024,0
RA-316,10.0,6.1,10.0,,5.0,6.9,8.39,7.89,Não atendido,Sim,-1.0,2022,1
RA-316,10.0,5.7,9.5,8.59,10.0,7.52,8.96,7.89,,,,2023,0
RA-316,9.17,8.0,10.0,7.66,10.0,7.51,8.38,7.89,,,,2024,0
RA-317,8.8,6.8,5.6,,10.0,7.5,5.94,7.04,Não atendido,Não,0.0,2022,0
RA-318,8.3,5.8,6.9,,5.0,6.9,6.11,6.53,Sem limitações,Não,-1.0,2022,1
RA-318,7.9,4.9,8.1,7.97,5.0,6.26,7.71,6.53,,,,2023,1
RA-318,7.92,4.67,9.13,7.34,5.0,7.51,7.44,6.53,,,,2024,0
RA-319,9.2,5.2,7.7,,10.0,7.5,7.5,7.45,Não atendido,Não,0.0,2022,0
RA-319,9.6,7.2,9.2,8.59,10.0,5.0,8.88,7.45,,,,2023,1
RA-319,9.59,5.83,9.02,7.34,10.0,7.51,7.67,7.45,,,,2024,0
RA-32,8.8,6.1,5.2,,10.0,8.8,7.94,7.37,Sem limitações,Não,0.0,2022,0
RA-32,0.0,7.9,8.2,7.38,10.0,3.77,6.88,7.37,,,,2023,0
RA-320,8.8,6.4,10.0,,5.0,6.9,8.67,7.9,Sem limitações,Sim,-1.0,2022,1
RA-320,9.2,5.5,9.9,8.59,10.0,7.52,8.96,7.9,,,,2023,0
RA-320,9.17,6.67,10.0,7.66,10.0,7.51,8.38,7.9,,,,2024,0
RA-321,9.2,5.2,9.1,,10.0,5.6,8.28,7.79,Sem limitações,Não,0.0,2022,0
RA-321,8.3,6.2,9.4,8.13,10.0,2.52,8.42,7.79,,,,2023,0
RA-321,7.92,7.17,9.53,8.13,10.0,6.26,7.78,7.79,,,,2024,0
RA-322,7.1,4.7,8.1,,10.0,5.0,6.78,6.86,Requer avaliação,Não,0.0,2022,0
RA-322,6.7,5.3,8.3,7.97,10.0,2.52,8.05,6.86,,,,2023,0
RA-323,9.2,3.4,7.3,,10.0,7.5,6.61,6.86,Sem limitações,Não,0.0,2022,0
RA-324,10.0,6.8,9.3,,10.0,6.9,8.61,8.27,Sem limitações,Sim,0.0,2022,0
RA-324,5.8,8.4,9.0,8.13,10.0,2.52,7.59,8.27,,,,2023,0
RA-325,9.5,6.0,6.8,,10.0,7.5,8.44,7.62,Sem limitações,Sim,0.0,2022,1
RA-325,0.0,5.6,7.1,8.13,10.0,5.0,7.0,7.62,,,,2023,0
RA-325,9.17,7.0,9.87,8.33,10.0,7.51,7.55,7.62,,,,2024,0
RA-326,10.0,9.0,9.7,,5.0,5.0,8.94,8.22,Requer avaliação,Sim,-1.0,2022,1
RA-326,9.6,8.2,9.4,9.06,10.0,3.14,9.76,8.22,,,,2023,0
RA-326,9.17,9.33,8.97,8.88,10.0,6.26,8.7,8.22,,,,2024,0
RA-327,8.5,2.8,8.8,,10.0,7.5,7.33,6.99,Sem limitações,Não,0.0,2022,0
RA-328,10.0,5.3,7.0,,5.0,7.5,7.5,6.82,Sem limitações,Não,-1.0,2022,0
RA-329,7.4,5.0,6.9,,10.0,4.4,5.78,6.31,Requer avaliação,Não,0.0,2022,0
RA-33,0.0,4.8,4.6,,5.0,7.5,6.0,4.95,Sem limitações,Não,-1.0,2022,0
RA-330,9.5,2.5,8.8,,5.0,7.5,7.06,6.45,Sem limitações,Não,-2.0,2022,0
RA-330,9.6,3.3,7.2,6.72,5.0,6.89,5.83,6.45,,,,2023,0
RA-331,9.0,3.7,8.7,,5.0,7.5,6.94,6.64,Sem limitações,Não,-1.0,2022,0
RA-331,9.6,5.2,8.6,7.03,10.0,2.52,6.8,6.64,,,,2023,1
RA-331,8.75,3.5,7.74,6.09,5.0,8.76,5.62,6.64,,,,2024,0
RA-332,9.5,7.5,9.0,,5.0,8.1,8.5,7.88,Sem limitações,Sim,-1.0,2022,1
RA-332,9.2,6.8,8.4,8.28,5.0,8.76,9.18,7.88,,,,2023,0
RA-332,9.59,7.0,7.61,8.63,10.0,9.38,8.71,7.88,,,,2024,0
RA-333,8.0,2.9,5.8,,5.0,3.8,6.72,5.25,Não indicado,Não,-2.0,2022,0
RA-334,6.9,8.0,9.2,,10.0,4.4,8.72,7.96,Não indicado,Sim,0.0,2022,0
RA-335,9.5,7.4,9.4,,10.0,7.5,6.83,7.9,Sem limitações,Não,0.0,2022,0
RA-336,9.5,5.1,8.5,,5.0,4.4,7.89,6.79,Requer avaliação,Não,-1.0,2022,0
RA-336,0.0,5.1,7.5,7.34,5.0,6.89,7.26,6.79,,,,2023,0
RA-336,7.5,5.83,5.51,7.5,10.0,6.26,7.2,6.79,,,,2024,0
RA-337,10.0,5.8,9.3,,10.0,7.5,7.61,7.91,Não atendido,Não,0.0,2022,0
RA-338,8.5,5.8,7.3,,5.0,7.5,7.61,6.84,Não atendido,Não,-1.0,2022,0
RA-338,8.3,6.7,9.1,8.59,10.0,7.52,8.38,6.84,,,,2023,0
RA-338,9.17,6.83,7.44,7.63,10.0,7.51,8.84,6.84,,,,2024,0
RA-339,6.9,8.1,9.9,,10.0,7.5,8.89,8.49,Não atendido,Sim,0.0,2022,1
RA-339,0.0,7.1,8.9,7.81,10.0,7.52,8.26,8.49,,,,2023,0
RA-339,7.5,8.17,7.16,8.0,10.0,5.64,7.67,8.49,,,,2024,0
RA-34,9.6,3.8,4.8,,5.0,8.1,7.28,6.26,Sem limitações,Não,-1.0,2022,0
RA-34,,,,,10.0,,,6.26,,,,2023,0
RA-340,9.0,6.5,8.2,,10.0,7.5,7.67,7.72,Não atendido,Não,0.0,2022,0
RA-340,0.0,8.9,9.6,9.17,5.0,2.52,8.51,7.72,,,,2023,1
RA-340,7.92,5.17,6.59,6.56,10.0,7.51,5.83,7.72,,,,2024,0
RA-341,8.0,5.8,7.7,,5.0,7.5,7.5,6.85,Não atendido,Não,-1.0,2022,0
RA-342,9.0,6.6,6.7,,5.0,7.5,7.5,6.94,Não atendido,Não,-2.0,2022,0
RA-342,7.5,6.6,8.6,7.97,5.0,7.52,8.51,6.94,,,,2023,1
RA-342,8.75,4.5,7.73,7.66,5.0,6.26,7.72,6.94,,,,2024,0
RA-343,9.5,5.9,7.4,,5.0,7.5,7.17,6.9,Não atendido,Não,-2.0,2022,1
RA-343,9.2,5.7,7.2,7.66,5.0,6.26,6.92,6.9,,,,2023,0
RA-344,8.5,4.5,8.3,,10.0,7.5,7.5,7.26,Não atendido,Não,0.0,2022,0
RA-345,9.5,3.6,5.4,,5.0,5.6,6.67,5.75,Requer avaliação,Não,-1.0,2022,0
RA-345,8.8,4.6,6.8,8.13,5.0,6.26,7.17,5.75,,,,2023,0
RA-346,10.0,7.0,9.1,,10.0,7.5,7.89,8.14,Não atendido,Não,0.0,2022,1
RA-346,0.0,6.2,9.4,7.97,10.0,8.14,7.84,8.14,,,,2023,1
RA-346,10.0,6.17,9.15,7.97,10.0,2.51,8.25,8.14,,,,2024,0
RA-347,9.0,8.5,10.0,,5.0,5.6,8.0,7.91,Sem limitações,Não,-1.0,2022,1
RA-347,6.7,7.3,9.5,7.81,10.0,2.52,7.79,7.91,,,,2023,0
RA-347,8.75,7.67,9.67,8.0,10.0,6.89,7.77,7.91,,,,2024,0
RA-348,9.0,1.8,8.7,,5.0,7.5,5.83,5.86,Sem limitações,Não,-1.0,2022,0
RA-348,10.0,4.4,8.7,8.54,5.0,2.52,8.01,5.86,,,,2023,0
RA-349,9.5,3.7,7.7,,5.0,7.5,3.94,5.66,Sem limitações,Não,-1.0,2022,0
RA-35,10.0,8.5,9.6,,5.0,9.4,10.0,8.97,Sem limitações,Sim,-1.0,2022,0
RA-35,,,,,10.0,,,8.97,,,,2023,0
RA-35,,,0.0,,10.0,,,8.97,,,,2024,0
RA-350,10.0,6.5,8.8,,10.0,7.5,8.61,8.21,Não atendido,Sim,0.0,2022,0
RA-350,10.0,9.0,9.7,8.96,5.0,2.52,7.92,8.21,,,,2023,0
RA-351,9.0,4.0,7.2,,5.0,7.5,8.11,6.62,Não atendido,Não,-2.0,2022,0
RA-352,9.0,7.0,8.1,,10.0,5.6,8.39,7.83,Requer avaliação,Sim,0.0,2022,0
RA-352,9.2,7.2,8.1,7.97,10.0,6.26,7.17,7.83,,,,2023,1
RA-352,8.33,3.17,4.45,6.38,10.0,6.26,6.79,7.83,,,,2024,0
RA-353,7.0,7.5,10.0,,10.0,7.5,8.44,8.26,Não atendido,Sim,0.0,2022,0
RA-353,8.8,8.4,9.9,7.81,10.0,2.52,8.67,8.26,,,,2023,0
RA-354,8.5,4.5,4.3,,5.0,7.5,7.33,5.86,Não atendido,Não,-1.0,2022,0
RA-355,5.8,4.5,5.0,,5.0,7.5,6.06,5.38,Não atendido,Não,-1.0,2022,0
RA-356,10.0,4.6,8.4,,5.0,5.0,8.28,6.69,Requer avaliação,Não,-1.0,2022,1
RA-356,9.2,3.4,8.5,6.09,10.0,2.52,6.5,6.69,,,,2023,0
RA-356,8.33,5.33,6.66,5.25,10.0,5.64,6.54,6.69,,,,2024,0
RA-357,8.0,8.5,9.6,,5.0,7.5,7.78,7.84,Não atendido,Não,-1.0,2022,0
RA-357,8.5,8.7,9.6,8.75,5.0,7.52,8.23,7.84,,,,2023,1
RA-357,8.75,7.67,9.03,7.88,5.0,8.14,7.08,7.84,,,,2024,0
RA-358,7.5,0.0,6.5,,5.0,7.5,7.56,5.41,Não atendido,Não,-1.0,2022,0
RA-359,9.0,4.6,7.0,,5.0,7.5,7.5,6.61,Não atendido,Não,-1.0,2022,0
RA-359,9.6,5.8,9.2,7.66,10.0,2.52,8.26,6.61,,,,2023,1
RA-359,9.17,5.5,7.16,7.5,10.0,6.26,8.33,6.61,,,,2024,0
RA-36,9.2,6.8,9.0,,5.0,6.9,8.94,7.88,Sem limitações,Sim,-1.0,2022,0
RA-36,,,,,10.0,,,7.88,,,,2023,0
RA-36,,,0.0,,10.0,,,7.88,,,,2024,0
RA-360,9.5,5.2,8.5,,5.0,7.5,7.5,7.08,Não atendido,Não,-1.0,2022,1
RA-360,0.0,4.3,7.3,7.34,10.0,2.52,7.42,7.08,,,,2023,0
RA-360,8.33,5.83,5.62,7.71,5.0,5.0,6.99,7.08,,,,2024,0
RA-361,7.9,5.0,9.2,,5.0,6.3,6.78,6.73,Sem limitações,Não,-1.0,2022,0
RA-362,8.5,7.9,7.9,,5.0,7.5,7.5,7.41,Sem limitações,Não,-1.0,2022,1
RA-362,0.0,5.1,7.5,7.03,10.0,7.52,7.09,7.41,,,,2023,0
RA-363,10.0,2.0,10.0,,5.0,6.9,7.06,6.64,Sem limitações,Não,-1.0,2022,0
RA-363,0.0,6.8,9.9,8.54,5.0,2.52,8.67,6.64,,,,2023,1
RA-363,9.59,5.33,9.52,7.34,10.0,5.63,6.96,6.64,,,,2024,0
RA-364,9.5,8.8,10.0,,10.0,7.5,8.17,8.75,Sem limitações,Não,0.0,2022,1
RA-364,8.8,5.8,9.0,7.03,10.0,6.89,7.51,8.75,,,,2023,0
RA-364,8.75,7.5,9.53,7.97,10.0,7.51,7.21,8.75,,,,2024,0
RA-365,8.0,7.8,10.0,,10.0,5.0,7.83,8.06,Sem limitações,Não,0.0,2022,0
RA-365,10.0,8.7,9.9,8.96,10.0,2.52,8.95,8.06,,,,2023,1
RA-365,9.59,6.67,10.0,8.44,10.0,7.51,8.2,8.06,,,,2024,0
RA-366,9.5,5.5,9.4,,5.0,7.5,6.83,7.18,Sem limitações,Não,-1.0,2022,0
RA-367,8.5,6.7,7.4,,5.0,6.3,7.5,6.95,Sem limitações,Não,-1.0,2022,1
RA-367,8.8,5.9,8.7,7.81,10.0,2.52,7.79,6.95,,,,2023,1
RA-367,9.17,5.0,7.27,6.88,10.0,6.26,7.63,6.95,,,,2024,0
RA-368,8.0,7.3,7.9,,5.0,5.0,7.5,6.97,Requer avaliação,Não,-1.0,2022,1
RA-368,0.0,6.7,7.7,7.03,5.0,2.52,7.34,6.97,,,,2023,0
RA-368,7.92,7.0,6.17,7.66,5.0,7.51,6.7,6.97,,,,2024,0
RA-369,9.0,4.8,6.9,,10.0,7.5,6.89,6.97,Sem limitações,Não,0.0,2022,1
RA-369,10.0,4.0,4.1,8.54,5.0,5.0,7.73,6.97,,,,2023,1
RA-369,8.75,1.67,4.91,6.41,10.0,7.51,5.43,6.97,,,,2024,0
RA-37,0.0,5.9,5.4,,5.0,5.0,5.22,4.95,Sem limitações,Não,-1.0,2022,0
RA-370,8.5,7.2,8.2,,5.0,5.0,7.61,7.07,Requer avaliação,Não,-1.0,2022,0
RA-371,9.5,8.4,8.0,,10.0,6.9,7.67,8.11,Sem limitações,Não,0.0,2022,0
RA-372,8.5,7.8,5.5,,10.0,6.9,7.39,7.3,Sem limitações,Não,0.0,2022,0
RA-373,6.4,7.3,9.5,,10.0,5.0,6.94,7.5,Requer avaliação,Não,0.0,2022,0
RA-373,0.0,8.4,9.7,8.75,5.0,2.52,7.84,7.5,,,,2023,0
RA-374,9.0,6.9,9.8,,5.0,7.5,7.94,7.75,Sem limitações,Não,-1.0,2022,1
RA-374,8.8,5.4,8.3,7.66,10.0,5.63,7.92,7.75,,,,2023,0
RA-375,9.0,5.4,9.5,,10.0,7.5,7.67,7.83,Sem limitações,Não,0.0,2022,0
RA-375,0.0,7.9,9.9,8.54,5.0,5.0,8.28,7.83,,,,2023,1
RA-375,9.59,6.83,9.44,7.19,10.0,7.51,6.43,7.83,,,,2024,0
RA-376,9.0,4.3,9.0,,5.0,7.5,7.5,6.96,Sem limitações,Não,-1.0,2022,0
RA-376,8.5,5.9,9.6,7.92,5.0,2.52,8.23,6.96,,,,2023,1
RA-376,10.0,2.83,8.29,6.56,5.0,2.51,6.33,6.96,,,,2024,0
RA-377,9.0,6.2,7.7,,5.0,5.6,6.83,6.74,Requer avaliação,Não,-1.0,2022,1
RA-377,9.6,4.8,7.6,7.34,10.0,5.0,7.63,6.74,,,,2023,0
RA-377,9.17,5.17,7.7,7.13,10.0,7.51,7.63,6.74,,,,2024,0
RA-378,9.0,8.1,6.8,,5.0,5.6,7.89,7.2,Requer avaliação,Não,-1.0,2022,0
RA-379,8.5,5.0,8.1,,5.0,7.5,6.78,6.72,Sem limitações,Não,-1.0,2022,0
RA-38,9.2,8.6,8.9,,5.0,7.5,9.83,8.52,Não indicado,Sim,-1.0,2022,1
RA-38,9.6,7.7,9.7,8.75,10.0,7.52,8.88,8.52,,,,2023,0
RA-38,,,0.0,,10.0,,,8.52,,,,2024,0
RA-380,7.9,2.5,4.4,,5.0,5.0,4.83,4.56,Requer avaliação,Não,-1.0,2022,0
RA-380,0.0,4.5,6.4,6.72,5.0,2.52,6.54,4.56,,,,2023,0
RA-381,9.0,3.3,8.3,,5.0,6.9,6.94,6.45,Sem limitações,Não,-1.0,2022,0
RA-381,0.0,3.9,8.4,7.34,5.0,6.89,6.84,6.45,,,,2023,1
RA-381,8.33,3.67,6.13,6.72,5.0,7.51,6.12,6.45,,,,2024,0
RA-382,9.0,5.4,7.7,,5.0,6.3,7.33,6.78,Sem limitações,Não,-2.0,2022,1
RA-382,0.0,5.2,9.4,7.5,5.0,6.26,7.17,6.78,,,,2023,1
RA-382,9.17,3.0,6.32,6.75,5.0,5.63,6.43,6.78,,,,2024,0
RA-383,9.0,8.1,9.6,,10.0,7.5,7.78,8.4,Sem limitações,Não,0.0,2022,1
RA-383,9.2,6.5,8.8,7.5,10.0,3.14,7.5,8.4,,,,2023,1
RA-383,9.17,5.83,8.6,7.88,10.0,7.51,8.47,8.4,,,,2024,0
RA-384,9.0,8.1,8.4,,5.0,6.3,8.0,7.56,Requer avaliação,Não,-1.0,2022,1
RA-384,0.0,7.3,9.1,7.66,10.0,2.52,7.34,7.56,,,,2023,0
RA-384,7.5,7.5,8.61,7.63,10.0,7.51,7.94,7.56,,,,2024,0
RA-385,7.4,4.9,7.5,,5.0,5.0,6.5,6.08,Sem limitações,Não,-1.0,2022,0
RA-386,10.0,4.0,5.9,,5.0,5.6,7.22,6.1,Requer avaliação,Não,-1.0,2022,1
RA-386,9.2,3.3,7.0,7.03,5.0,2.52,6.63,6.1,,,,2023,0
RA-387,7.0,3.7,8.2,,5.0,7.5,6.83,6.32,Sem limitações,Não,-1.0,2022,1
RA-387,0.0,3.0,6.8,6.88,5.0,2.52,7.01,6.32,,,,2023,0
RA-387,7.5,4.33,7.17,6.25,5.0,7.51,6.0,6.32,,,,2024,0
RA-388,7.9,4.5,8.5,,5.0,5.6,7.72,6.65,Requer avaliação,Não,-2.0,2022,1
RA-388,0.0,4.2,7.4,6.88,5.0,5.63,7.84,6.65,,,,2023,0
RA-388,7.5,4.33,6.35,6.75,5.0,7.51,5.76,6.65,,,,2024,0
RA-389,8.0,3.5,8.9,,10.0,7.5,7.56,7.18,Sem limitações,Não,0.0,2022,0
RA-389,0.0,8.2,8.2,8.75,5.0,2.52,8.95,7.18,,,,2023,1
RA-389,9.59,5.17,6.67,6.56,10.0,8.76,6.75,7.18,,,,2024,0
RA-39,0.0,6.9,4.8,,10.0,6.9,6.11,6.03,Requer avaliação,Não,0.0,2022,0
RA-39,9.6,7.8,9.1,8.75,10.0,7.52,8.76,6.03,,,,2023,0
RA-39,,,0.0,,10.0,,,6.03,,,,2024,0
RA-390,7.4,4.7,8.8,,5.0,6.3,7.72,6.78,Requer avaliação,Não,-1.0,2022,0
RA-390,7.9,4.8,8.8,7.34,10.0,2.52,7.01,6.78,,,,2023,1
RA-390,7.5,4.17,6.08,6.56,10.0,8.76,6.08,6.78,,,,2024,0
RA-391,10.0,5.1,8.1,,5.0,7.5,8.06,7.12,Sem limitações,Não,-1.0,2022,1
RA-391,7.9,3.5,7.5,7.5,10.0,2.52,7.59,7.12,,,,2023,0
RA-392,9.5,4.8,8.8,,5.0,5.6,6.78,6.42,Não indicado,Não,-2.0,2022,1
RA-392,9.6,4.6,9.5,6.09,5.0,2.52,7.17,6.42,,,,2023,1
RA-392,9.59,1.0,5.41,3.5,5.0,5.64,3.55,6.42,,,,2024,0
RA-393,10.0,4.6,5.4,,2.5,5.0,6.78,5.52,Não indicado,Não,-4.0,2022,0
RA-394,9.5,5.9,8.6,,10.0,7.5,8.44,7.9,Sem limitações,Sim,0.0,2022,0
RA-395,9.0,4.9,8.9,,10.0,7.5,8.33,7.68,Sem limitações,Não,0.0,2022,0
RA-395,9.2,6.0,8.6,7.97,10.0,2.52,7.92,7.68,,,,2023,1
RA-395,8.75,4.33,6.92,7.25,10.0,6.26,8.46,7.68,,,,2024,0
RA-396,9.0,5.6,8.0,,5.0,6.3,6.56,6.56,Requer avaliação,Não,-1.0,2022,0
RA-397,9.0,2.8,5.7,,5.0,6.9,7.17,5.85,Requer avaliação,Não,-2.0,2022,0
RA-397,7.5,4.6,7.9,7.19,5.0,2.52,7.47,5.85,,,,2023,0
RA-397,7.92,5.67,7.89,7.63,5.0,5.63,7.4,5.85,,,,2024,0
RA-398,9.0,5.5,9.3,,10.0,7.5,7.5,7.74,Sem limitações,Não,0.0,2022,0
RA-398,6.7,6.5,8.1,7.5,10.0,2.52,7.79,7.74,,,,2023,0
RA-398,7.08,8.0,5.73,7.29,10.0,7.51,6.55,7.74,,,,2024,0
RA-399,6.8,4.3,9.3,,5.0,5.6,7.5,6.58,Requer avaliação,Não,-1.0,2022,0
RA-399,7.9,4.7,8.2,7.5,10.0,2.52,8.17,6.58,,,,2023,0
RA-4,8.8,5.0,4.5,,10.0,5.6,5.28,5.95,Requer avaliação,Não,0.0,2022,0
RA-40,7.9,6.8,7.8,,5.0,7.5,7.75,7.2,Sem limitações,Não,-1.0,2022,1
RA-40,7.5,5.9,8.2,7.97,5.0,7.52,7.76,7.2,,,,2023,1
RA-40,7.08,5.33,7.21,8.13,10.0,8.13,6.28,7.2,,,,2024,0
RA-400,9.0,1.7,8.5,,5.0,5.0,7.44,6.04,Requer avaliação,Não,-2.0,2022,0
RA-400,9.2,4.1,9.0,7.66,5.0,2.52,7.38,6.04,,,,2023,0
RA-401,6.9,4.3,9.6,,5.0,7.5,6.72,6.65,Sem limitações,Não,-1.0,2022,0
RA-401,4.0,7.3,8.1,7.08,5.0,2.52,7.12,6.65,,,,2023,1
RA-401,6.67,4.83,6.84,6.56,10.0,6.89,6.92,6.64,,,,2024,0
RA-402,9.0,3.0,3.7,,5.0,5.0,7.22,5.26,Requer avaliação,Não,-1.0,2022,0
RA-402,9.2,4.2,7.3,7.81,10.0,2.52,6.88,5.26,,,,2023,1
RA-402,7.5,4.17,3.07,6.35,10.0,6.26,6.12,5.26,,,,2024,0
RA-403,9.5,6.3,9.3,,5.0,7.5,7.5,7.46,Sem limitações,Não,-1.0,2022,0
RA-403,8.5,7.8,8.8,7.29,5.0,6.27,8.45,7.46,,,,2023,1
RA-403,8.75,7.67,7.36,8.54,10.0,7.51,7.61,7.45,,,,2024,0
RA-404,9.0,5.3,7.3,,5.0,7.5,6.94,6.66,Sem limitações,Não,-1.0,2022,0
RA-404,7.9,6.0,8.3,6.88,5.0,5.02,6.89,6.66,,,,2023,1
RA-404,8.33,5.67,6.29,7.5,10.0,2.51,7.0,6.66,,,,2024,0
RA-405,9.5,3.3,6.2,,5.0,5.0,6.0,5.66,Requer avaliação,Não,-1.0,2022,0
RA-406,9.5,6.6,9.5,,5.0,7.5,7.33,7.5,Sem limitações,Não,-1.0,2022,0
RA-407,8.5,6.0,9.3,,5.0,7.5,7.06,7.2,Sem limitações,Não,-1.0,2022,0
RA-407,9.6,7.3,8.6,7.81,5.0,7.52,7.5,7.2,,,,2023,1
RA-407,8.33,3.67,7.61,7.97,10.0,6.26,7.88,7.2,,,,2024,0
RA-408,8.0,3.3,9.7,,5.0,7.5,7.33,6.73,Sem limitações,Não,-1.0,2022,0
RA-408,7.9,6.8,8.5,8.33,5.0,3.77,8.45,6.73,,,,2023,1
RA-408,7.5,4.83,4.98,7.08,10.0,7.51,6.78,6.73,,,,2024,0
RA-409,7.9,7.8,9.7,,10.0,7.5,7.5,8.15,Sem limitações,Não,0.0,2022,0
RA-409,8.4,8.0,9.5,7.92,5.0,2.52,8.73,8.15,,,,2023,1
RA-409,9.59,7.17,9.23,7.92,10.0,7.51,7.22,8.15,,,,2024,0
RA-41,9.2,5.6,6.1,,5.0,5.0,4.38,5.58,Requer avaliação,Não,-2.0,2022,0
RA-410,7.4,2.0,6.5,,5.0,6.3,7.44,5.68,Requer avaliação,Não,-2.0,2022,0
RA-410,8.8,4.9,5.8,6.72,5.0,7.52,6.04,5.68,,,,2023,0
RA-411,6.4,7.1,8.6,,5.0,7.5,7.83,7.23,Não atendido,Não,-1.0,2022,1
RA-411,6.2,6.6,9.0,7.81,10.0,7.52,7.54,7.23,,,,2023,1
RA-411,7.08,4.83,9.15,7.29,10.0,5.64,7.41,7.23,,,,2024,0
RA-412,8.5,7.3,9.0,,5.0,7.5,7.78,7.56,Não atendido,Não,-1.0,2022,1
RA-412,8.8,6.2,8.9,7.03,10.0,2.52,7.59,7.56,,,,2023,0
RA-412,8.33,7.33,8.46,8.02,10.0,6.26,8.13,7.56,,,,2024,0
RA-413,6.4,4.7,8.7,,5.0,5.6,7.06,6.41,Requer avaliação,Não,-1.0,2022,0
RA-413,7.9,6.3,8.9,7.29,5.0,2.52,7.5,6.41,,,,2023,0
RA-414,8.0,5.9,9.3,,5.0,7.5,7.67,7.28,Não atendido,Não,-1.0,2022,0
RA-414,0.0,6.5,9.5,7.81,10.0,7.52,7.59,7.28,,,,2023,1
RA-414,7.92,6.0,8.43,6.25,10.0,7.51,5.67,7.28,,,,2024,0
RA-415,8.0,6.2,8.3,,10.0,7.5,8.06,7.7,Não atendido,Não,0.0,2022,1
RA-415,7.1,3.7,8.2,7.81,10.0,7.52,7.83,7.7,,,,2023,0
RA-416,9.5,7.2,9.3,,5.0,8.8,8.22,7.91,Sem limitações,Não,-1.0,2022,0
RA-416,9.2,7.6,9.8,8.28,10.0,2.52,8.34,7.91,,,,2023,0
RA-416,8.75,8.0,8.97,8.54,10.0,7.51,9.13,7.91,,,,2024,0
RA-417,10.0,8.0,10.0,,5.0,7.5,9.56,8.43,Não atendido,Sim,-1.0,2022,1
RA-417,5.4,7.8,9.7,8.28,10.0,7.52,8.21,8.43,,,,2023,0
RA-417,8.33,8.83,8.4,8.44,10.0,7.51,8.29,8.43,,,,2024,0
RA-418,8.0,7.5,9.4,,10.0,7.5,8.22,8.18,Não atendido,Não,0.0,2022,0
RA-418,8.8,8.1,10.0,8.13,10.0,2.52,8.05,8.18,,,,2023,0
RA-418,8.75,9.33,10.0,8.23,10.0,7.51,9.05,8.18,,,,2024,0
RA-419,7.5,6.9,9.2,,5.0,5.6,8.39,7.36,Requer avaliação,Sim,-1.0,2022,0
RA-419,6.7,7.6,9.5,8.13,10.0,2.52,7.88,7.36,,,,2023,0
RA-419,7.08,8.17,9.38,8.02,10.0,6.26,8.55,7.36,,,,2024,0
RA-42,8.3,4.8,7.9,,10.0,5.6,6.08,6.72,Requer avaliação,Não,0.0,2022,0
RA-42,8.8,5.7,8.6,6.56,5.0,5.63,6.67,6.72,,,,2023,0
RA-42,9.17,8.17,9.68,6.8,5.0,5.64,7.13,6.72,,,,2024,0
RA-420,9.5,4.5,9.0,,10.0,5.6,8.0,7.46,Requer avaliação,Não,0.0,2022,0
RA-420,8.3,5.3,9.3,7.66,10.0,2.52,7.96,7.46,,,,2023,1
RA-420,8.33,4.0,9.56,7.81,10.0,6.26,7.96,7.46,,,,2024,0
RA-421,8.5,8.8,9.3,,10.0,7.5,9.11,8.72,Não atendido,Sim,0.0,2022,1
RA-421,9.2,7.3,9.9,7.81,10.0,2.52,8.17,8.72,,,,2023,1
RA-421,8.75,6.67,9.54,9.06,10.0,7.51,8.57,8.72,,,,2024,0
RA-422,8.5,2.5,10.0,,5.0,7.5,7.5,6.75,Não atendido,Não,-1.0,2022,0
RA-422,0.0,4.4,7.8,6.67,5.0,7.52,6.11,6.75,,,,2023,1
RA-422,7.5,2.83,6.16,6.46,5.0,7.51,5.5,6.75,,,,2024,0
RA-423,8.4,2.3,9.6,,5.0,7.5,7.67,6.65,Sem limitações,Não,-1.0,2022,0
RA-423,8.0,3.4,8.7,7.08,5.0,6.89,7.45,6.65,,,,2023,0
RA-423,5.83,4.33,6.5,6.88,10.0,8.13,6.83,6.65,,,,2024,0
RA-424,9.0,7.5,10.0,,5.0,7.5,8.22,7.94,Não atendido,Não,-1.0,2022,1
RA-424,8.8,6.4,9.9,7.81,10.0,2.52,7.79,7.94,,,,2023,1
RA-424,8.33,3.33,9.62,7.34,10.0,7.51,7.16,7.94,,,,2024,0
RA-425,9.0,9.0,10.0,,5.0,7.5,7.5,8.12,Não atendido,Não,-1.0,2022,1
RA-425,9.2,7.5,9.9,7.81,10.0,2.52,8.38,8.12,,,,2023,0
RA-425,10.0,9.0,10.0,8.23,10.0,6.26,8.84,8.12,,,,2024,0
RA-426,9.0,4.6,6.5,,5.0,7.5,7.11,6.35,Não atendido,Não,-2.0,2022,0
RA-426,5.4,5.0,7.6,7.66,5.0,5.0,7.54,6.35,,,,2023,1
RA-426,7.92,4.83,7.91,7.66,5.0,4.38,8.0,6.35,,,,2024,0
RA-427,8.0,2.5,8.5,,5.0,7.5,6.78,6.25,Não atendido,Não,-1.0,2022,0
RA-428,6.8,9.5,8.7,,5.0,7.5,7.11,7.68,Não atendido,Não,-1.0,2022,1
RA-428,8.3,7.2,9.5,7.81,10.0,2.52,8.04,7.68,,,,2023,1
RA-428,9.17,5.0,8.9,7.5,10.0,5.64,7.63,7.68,,,,2024,0
RA-429,10.0,2.7,5.3,,5.0,7.5,6.61,5.81,Não atendido,Não,-1.0,2022,0
RA-43,6.3,4.3,6.5,,5.0,5.6,5.96,5.49,Requer avaliação,Não,-1.0,2022,0
RA-43,7.9,5.0,6.7,7.5,5.0,5.63,7.59,5.49,,,,2023,0
RA-430,9.5,8.5,8.6,,5.0,7.5,6.61,7.59,Não atendido,Não,-1.0,2022,1
RA-430,9.2,6.4,9.3,7.81,5.0,2.52,7.75,7.59,,,,2023,0
RA-431,9.0,4.5,8.1,,10.0,7.5,6.78,7.18,Não atendido,Não,0.0,2022,0
RA-432,10.0,5.1,6.8,,5.0,5.0,6.61,6.34,Requer avaliação,Não,-2.0,2022,0
RA-432,8.8,5.2,9.0,7.81,5.0,2.52,8.04,6.34,,,,2023,0
RA-432,7.5,5.5,10.0,7.34,5.0,6.26,7.29,6.34,,,,2024,0
RA-433,8.5,2.6,7.3,,5.0,5.0,5.78,5.56,Requer avaliação,Não,-1.0,2022,0
RA-433,8.5,4.8,7.2,5.83,5.0,7.52,7.61,5.56,,,,2023,0
RA-433,7.92,4.83,8.38,6.88,10.0,8.13,6.42,5.56,,,,2024,0
RA-434,9.0,5.7,8.1,,10.0,7.5,6.78,7.4,Sem limitações,Não,0.0,2022,0
RA-434,6.3,6.6,8.0,7.5,5.0,7.52,7.61,7.4,,,,2023,1
RA-434,7.08,5.5,5.06,7.29,10.0,7.51,6.55,7.4,,,,2024,0
RA-435,7.9,4.7,6.2,,10.0,7.5,6.44,6.6,Sem limitações,Não,0.0,2022,0
RA-436,9.5,2.0,8.1,,10.0,7.5,6.61,6.69,Sem limitações,Não,0.0,2022,0
RA-436,7.5,3.4,4.7,6.88,5.0,2.52,7.61,6.69,,,,2023,0
RA-437,8.5,5.8,8.3,,5.0,7.5,6.61,6.88,Sem limitações,Não,-1.0,2022,1
RA-437,8.0,4.7,8.4,7.29,5.0,7.52,7.78,6.88,,,,2023,0
RA-438,8.0,7.3,8.7,,10.0,7.5,6.89,7.76,Sem limitações,Não,0.0,2022,1
RA-438,6.9,5.4,7.5,6.46,10.0,6.26,7.22,7.76,,,,2023,0
RA-438,9.17,8.25,8.66,7.97,5.0,7.51,7.92,7.76,,,,2024,0
RA-439,9.0,2.3,4.9,,5.0,7.5,6.5,5.52,Sem limitações,Não,-1.0,2022,0
RA-44,5.0,3.0,5.9,,5.0,7.5,7.29,5.54,Sem limitações,Não,-2.0,2022,0
RA-44,0.0,6.9,8.5,7.5,5.0,5.01,7.17,5.54,,,,2023,0
RA-440,9.5,5.5,9.0,,10.0,6.9,5.83,7.33,Não atendido,Não,0.0,2022,0
RA-440,0.0,6.2,8.2,7.97,10.0,7.52,7.84,7.33,,,,2023,0
RA-441,9.0,8.0,7.9,,10.0,7.5,8.33,8.19,Não atendido,Não,0.0,2022,0
RA-442,10.0,7.5,8.2,,10.0,7.5,8.22,8.23,Não atendido,Não,0.0,2022,1
RA-442,0.0,5.8,7.6,7.5,10.0,7.52,8.13,8.23,,,,2023,1
RA-442,8.33,5.0,5.92,7.5,10.0,5.64,7.88,8.23,,,,2024,0
RA-443,9.0,5.6,9.1,,5.0,7.5,8.5,7.48,Não atendido,Sim,-1.0,2022,0
RA-443,7.1,7.6,7.5,7.97,5.0,2.52,8.13,7.48,,,,2023,0
RA-444,9.0,3.1,7.2,,10.0,5.0,7.78,6.67,Requer avaliação,Não,0.0,2022,0
RA-444,0.0,4.7,7.9,6.41,10.0,5.0,6.46,6.67,,,,2023,1
RA-444,8.33,3.67,6.38,6.25,5.0,2.51,5.96,6.66,,,,2024,0
RA-445,9.0,3.8,9.4,,5.0,7.5,7.5,6.92,Não atendido,Não,-1.0,2022,0
RA-445,8.0,8.4,8.8,8.54,5.0,6.89,8.18,6.92,,,,2023,1
RA-445,7.92,4.0,8.72,7.81,10.0,7.51,7.37,6.92,,,,2024,0
RA-446,9.5,6.9,8.9,,5.0,5.0,7.89,7.37,Requer avaliação,Não,-1.0,2022,0
RA-447,0.0,3.5,7.0,,10.0,7.5,5.56,5.61,Não atendido,Não,0.0,2022,0
RA-448,9.0,5.5,9.7,,10.0,7.5,8.11,7.97,Não atendido,Não,0.0,2022,0
RA-449,0.0,7.0,6.0,,5.0,7.5,8.11,6.14,Não atendido,Não,-1.0,2022,0
RA-449,7.1,7.0,7.2,7.34,10.0,7.52,6.84,6.14,,,,2023,0
RA-45,7.9,6.8,8.9,,10.0,5.6,7.42,7.59,Requer avaliação,Não,0.0,2022,0
RA-45,7.1,7.9,9.6,8.28,10.0,6.26,8.17,7.59,,,,2023,0
RA-45,7.5,8.0,9.62,8.75,10.0,9.38,8.28,7.59,,,,2024,0
RA-450,10.0,7.5,9.1,,5.0,7.5,8.11,7.84,Não atendido,Não,-1.0,2022,1
RA-450,9.6,5.4,8.4,7.66,5.0,2.52,7.92,7.84,,,,2023,0
RA-450,8.75,7.5,8.95,7.81,5.0,5.63,7.58,7.84,,,,2024,0
RA-451,9.0,6.1,6.0,,5.0,6.3,6.89,6.43,Requer avaliação,Não,-1.0,2022,0
RA-451,8.5,8.9,9.5,9.38,5.0,4.39,9.9,6.43,,,,2023,0
RA-452,9.0,4.8,5.6,,5.0,7.5,7.17,6.29,Não atendido,Não,-1.0,2022,0
RA-453,9.0,8.8,8.7,,5.0,7.5,7.78,7.85,Não atendido,Não,-1.0,2022,0
RA-454,9.5,2.3,8.6,,5.0,5.0,5.44,5.56,Não indicado,Não,-2.0,2022,0
RA-454,0.0,2.6,7.5,4.69,5.0,5.0,5.54,5.56,,,,2023,0
RA-454,9.59,3.67,6.63,5.42,5.0,6.26,5.83,5.56,,,,2024,0
RA-455,7.0,6.3,7.9,,5.0,7.5,7.28,6.88,Não atendido,Não,-1.0,2022,1
RA-455,8.75,4.5,6.11,8.33,10.0,8.13,7.28,6.88,,,,2024,0
RA-456,6.4,7.3,8.2,,5.0,6.3,8.39,7.19,Requer avaliação,Sim,-1.0,2022,0
RA-456,0.0,9.9,8.3,9.58,5.0,4.39,9.95,7.19,,,,2023,1
RA-456,7.08,6.5,9.38,9.17,10.0,7.51,8.89,7.19,,,,2024,0
RA-457,8.0,8.5,8.8,,5.0,7.5,7.67,7.68,Não atendido,Não,-1.0,2022,1
RA-457,7.5,8.1,8.6,8.13,10.0,7.52,8.05,7.68,,,,2023,0
RA-457,8.33,8.67,8.74,9.69,10.0,7.51,7.77,7.68,,,,2024,0
RA-458,8.0,5.6,7.7,,5.0,7.5,5.83,6.51,Não atendido,Não,-1.0,2022,1
RA-458,9.6,3.8,6.9,7.19,5.0,7.52,6.25,6.51,,,,2023,0
RA-458,8.75,4.0,3.74,7.03,5.0,6.88,6.83,6.51,,,,2024,0
RA-459,7.0,7.3,9.1,,5.0,8.1,7.22,7.28,Sem limitações,Não,-1.0,2022,0
RA-459,6.7,8.3,9.3,7.19,10.0,7.52,7.88,7.28,,,,2023,1
RA-459,7.92,4.67,8.45,7.81,10.0,5.64,7.37,7.28,,,,2024,0
RA-46,8.8,2.1,8.4,,5.0,6.3,7.08,6.05,Sem limitações,Não,-2.0,2022,0
RA-46,7.1,4.4,7.4,6.56,2.5,2.52,6.63,6.05,,,,2023,0
RA-460,6.8,3.3,8.1,,5.0,7.5,5.06,5.71,Não atendido,Não,-1.0,2022,0
RA-461,0.0,3.8,6.7,,5.0,7.5,7.22,5.45,Sem limitações,Não,-1.0,2022,0
RA-461,7.3,7.4,7.9,8.54,5.0,3.77,8.62,5.45,,,,2023,1
RA-461,8.75,4.5,9.18,7.71,10.0,7.51,7.06,5.45,,,,2024,0
RA-462,10.0,3.6,8.5,,5.0,7.5,6.78,6.63,Sem limitações,Não,-2.0,2022,1
RA-462,10.0,2.7,8.1,7.5,5.0,5.0,6.58,6.63,,,,2023,0
RA-463,10.0,2.5,7.8,,5.0,7.5,7.39,6.41,Não atendido,Não,-1.0,2022,0
RA-463,9.2,4.0,5.4,7.81,10.0,2.52,7.8,6.41,,,,2023,0
RA-464,7.5,4.8,8.0,,5.0,7.5,7.72,6.75,Não atendido,Não,-1.0,2022,1
RA-464,9.2,3.0,7.7,7.97,5.0,2.52,7.38,6.75,,,,2023,0
RA-464,9.17,4.33,7.85,7.19,5.0,8.76,7.12,6.75,,,,2024,0
RA-465,8.0,7.8,7.9,,10.0,7.5,8.44,8.01,Não atendido,Sim,0.0,2022,0
RA-465,7.5,8.5,9.4,7.97,10.0,2.52,8.17,8.01,,,,2023,0
RA-466,8.5,3.3,9.7,,5.0,7.5,7.56,6.83,Não atendido,Não,-1.0,2022,0
RA-466,9.5,4.5,7.6,6.25,5.0,6.89,7.06,6.83,,,,2023,1
RA-466,8.75,4.0,7.22,7.5,5.0,8.76,7.67,6.83,,,,2024,0
RA-467,5.8,5.5,8.4,,5.0,5.0,7.11,6.38,Requer avaliação,Não,-1.0,2022,1
RA-467,6.3,5.2,9.2,7.19,5.0,3.14,7.54,6.38,,,,2023,0
RA-467,7.92,6.83,9.14,7.34,10.0,5.01,7.54,6.38,,,,2024,0
RA-468,9.5,4.1,6.7,,5.0,7.5,6.72,6.31,Não atendido,Não,-1.0,2022,1
RA-468,8.3,3.4,6.0,7.34,5.0,6.27,6.72,6.31,,,,2023,0
RA-469,9.0,5.7,9.6,,10.0,5.0,7.83,7.62,Requer avaliação,Não,0.0,2022,0
RA-469,7.5,7.8,9.3,7.92,5.0,2.52,8.84,7.62,,,,2023,1
RA-469,9.17,5.0,9.5,7.29,10.0,7.51,6.94,7.62,,,,2024,0
RA-47,7.9,2.1,6.3,,5.0,7.5,7.04,5.68,Sem limitações,Não,-2.0,2022,0
RA-470,8.0,6.3,9.7,,5.0,7.5,7.5,7.38,Não atendido,Não,-1.0,2022,1
RA-470,8.8,4.9,9.2,7.5,5.0,5.0,7.71,7.38,,,,2023,1
RA-470,9.59,3.33,8.01,7.03,10.0,7.51,6.5,7.38,,,,2024,0
RA-471,3.5,6.3,8.5,,5.0,5.0,8.06,6.54,Requer avaliação,Não,-1.0,2022,1
RA-471,0.0,5.0,9.0,7.97,10.0,6.27,8.13,6.54,,,,2023,0
RA-471,0.0,5.5,7.03,7.71,10.0,7.51,8.04,6.54,,,,2024,0
RA-472,9.0,2.0,7.0,,5.0,7.5,7.06,5.93,Não atendido,Não,-1.0,2022,0
RA-472,5.1,5.5,7.1,7.71,5.0,7.52,8.22,5.93,,,,2023,0
RA-472,7.5,6.25,7.48,6.25,5.0,7.51,6.33,5.93,,,,2024,0
RA-473,8.0,4.3,6.1,,5.0,7.5,5.89,5.92,Não atendido,Não,-1.0,2022,0
RA-474,9.5,3.0,9.1,,5.0,7.5,6.0,6.45,Não atendido,Não,-1.0,2022,0
RA-474,0.0,3.3,7.8,7.19,5.0,5.0,6.76,6.45,,,,2023,1
RA-474,9.17,3.0,5.82,7.19,5.0,7.51,6.87,6.45,,,,2024,0
RA-475,8.5,5.8,9.2,,5.0,7.5,7.67,7.2,Não atendido,Não,-1.0,2022,0
RA-476,9.0,5.5,9.3,,5.0,4.4,7.56,6.93,Requer avaliação,Não,-1.0,2022,1
RA-476,7.9,4.1,7.0,7.34,10.0,2.52,7.51,6.93,,,,2023,0
RA-476,7.92,4.5,6.6,6.25,10.0,7.51,6.75,6.93,,,,2024,0
RA-477,0.0,0.7,5.0,,5.0,5.6,4.5,3.63,Requer avaliação,Não,-1.0,2022,0
RA-478,8.5,4.9,9.1,,5.0,5.6,7.06,6.71,Requer avaliação,Não,-1.0,2022,1
RA-478,6.7,4.4,7.3,7.19,10.0,2.52,7.3,6.71,,,,2023,0
RA-479,8.0,9.8,9.2,,5.0,7.5,9.5,8.47,Sem limitações,Sim,-1.0,2022,1
RA-479,9.0,9.7,10.0,9.79,10.0,2.52,9.64,8.47,,,,2023,1
RA-479,9.17,9.67,9.87,9.38,10.0,2.51,9.45,8.46,,,,2024,0
RA-48,6.7,8.1,8.4,,10.0,7.5,8.5,8.01,Sem limitações,Sim,0.0,2022,1
RA-48,6.7,7.7,8.4,7.66,10.0,6.26,7.63,8.01,,,,2023,1
RA-48,7.92,7.5,8.34,8.59,10.0,9.38,8.23,8.01,,,,2024,0
RA-480,9.0,6.3,8.8,,5.0,7.5,8.44,7.5,Não atendido,Sim,-1.0,2022,0
RA-480,10.0,7.9,9.7,7.97,5.0,7.52,8.34,7.5,,,,2023,1
RA-480,6.25,5.0,8.07,7.81,10.0,7.51,7.44,7.5,,,,2024,0
RA-481,9.0,5.2,8.0,,10.0,7.5,6.89,7.21,Não atendido,Não,0.0,2022,0
RA-482,10.0,5.5,7.9,,5.0,7.5,6.83,6.87,Não atendido,Não,-1.0,2022,0
RA-483,9.0,2.4,4.8,,5.0,5.0,6.83,5.26,Requer avaliação,Não,-1.0,2022,0
RA-483,9.0,5.6,6.0,7.92,5.0,2.52,8.17,5.26,,,,2023,1
RA-483,8.5,5.25,5.64,8.13,5.0,6.26,8.06,5.26,,,,2024,0
RA-484,9.5,6.5,8.7,,5.0,5.0,6.39,6.71,Requer avaliação,Não,-1.0,2022,1
RA-484,6.4,3.6,7.5,5.42,5.0,2.52,6.8,6.71,,,,2023,1
RA-484,8.33,0.0,3.91,3.44,10.0,2.51,3.12,6.71,,,,2024,0
RA-485,9.5,1.2,4.0,,5.0,7.5,5.44,4.74,Não atendido,Não,-1.0,2022,0
RA-486,10.0,7.3,9.9,,5.0,7.5,7.22,7.62,Não atendido,Não,-1.0,2022,1
RA-486,8.4,6.2,6.4,7.5,10.0,2.52,8.75,7.62,,,,2023,0
RA-487,7.5,9.6,9.7,,5.0,7.5,9.33,8.42,Não atendido,Sim,-1.0,2022,1
RA-487,8.5,9.5,9.9,9.17,10.0,5.0,9.26,8.42,,,,2023,0
RA-487,9.17,9.67,9.44,9.06,10.0,9.38,9.17,8.42,,,,2024,0
RA-488,8.5,7.3,8.8,,5.0,7.5,7.72,7.41,Não atendido,Não,-1.0,2022,0
RA-489,9.0,0.0,7.2,,10.0,7.5,6.5,5.85,Não atendido,Não,0.0,2022,0
RA-49,7.5,3.9,7.4,,5.0,7.5,7.04,6.3,Sem limitações,Não,-2.0,2022,0
RA-49,,,,,10.0,,,6.3,,,,2023,0
RA-49,,,0.0,,10.0,,,6.3,,,,2024,0
RA-490,7.9,7.7,8.2,,5.0,7.5,8.72,7.58,Não atendido,Sim,-1.0,2022,1
RA-490,7.9,5.8,7.9,8.54,10.0,2.52,9.01,7.58,,,,2023,0
RA-490,9.17,6.17,5.51,7.81,10.0,8.76,7.3,7.58,,,,2024,0
RA-491,7.5,7.0,9.7,,5.0,7.5,7.72,7.46,Não atendido,Não,-1.0,2022,1
RA-491,9.5,5.0,9.6,7.71,10.0,2.52,8.34,7.46,,,,2023,0
RA-491,7.5,5.25,9.01,7.08,5.0,7.51,7.17,7.46,,,,2024,0
RA-492,10.0,7.1,8.8,,5.0,7.5,8.28,7.68,Não atendido,Não,-1.0,2022,0
RA-493,10.0,7.2,9.4,,10.0,7.5,8.28,8.31,Sem limitações,Não,0.0,2022,1
RA-493,9.5,6.0,9.6,8.54,10.0,2.52,8.84,8.31,,,,2023,1
RA-493,10.0,3.17,8.93,7.03,10.0,10.0,6.71,8.31,,,,2024,0
RA-494,6.4,5.8,8.3,,5.0,5.0,6.94,6.41,Requer avaliação,Não,-1.0,2022,0
RA-494,6.9,6.8,9.0,7.71,5.0,2.52,8.71,6.41,,,,2023,1
RA-494,7.5,6.33,7.33,7.81,10.0,8.76,8.92,6.41,,,,2024,0
RA-495,9.0,8.4,8.9,,5.0,7.5,8.06,7.86,Sem limitações,Não,-1.0,2022,1
RA-495,9.0,7.4,8.4,8.54,5.0,2.52,8.76,7.86,,,,2023,0
RA-496,8.5,5.7,6.8,,5.0,7.5,7.56,6.68,Requer avaliação,Não,-1.0,2022,0
RA-496,0.0,8.3,7.1,7.92,5.0,5.0,8.71,6.68,,,,2023,1
RA-496,10.0,5.67,5.32,6.72,10.0,6.26,6.16,6.68,,,,2024,0
RA-497,6.9,5.1,9.2,,5.0,5.0,5.83,6.32,Não indicado,Não,-2.0,2022,1
RA-497,5.3,3.5,8.7,6.25,5.0,2.52,6.89,6.32,,,,2023,1
RA-497,7.5,1.0,6.1,5.63,5.0,5.63,3.51,6.32,,,,2024,0
RA-498,8.5,8.8,8.8,,5.0,7.5,7.56,7.7,Sem limitações,Não,-1.0,2022,0
RA-499,8.5,8.2,10.0,,5.0,7.5,7.44,7.83,Sem limitações,Não,-1.0,2022,1
RA-499,7.9,6.6,10.0,8.75,10.0,2.52,8.3,7.83,,,,2023,1
RA-499,8.5,4.75,9.05,7.19,10.0,7.51,7.5,7.83,,,,2024,0
RA-5,7.9,5.2,8.6,,10.0,5.6,7.39,7.43,Requer avaliação,Não,0.0,2022,0
RA-5,,,,,10.0,,,7.43,,,,2023,0
RA-50,7.5,7.8,8.4,,2.5,7.5,7.54,7.14,Sem limitações,Não,-3.0,2022,0
RA-500,9.0,9.5,10.0,,5.0,7.5,7.89,8.23,Sem limitações,Não,-1.0,2022,1
RA-500,9.5,7.9,10.0,8.96,10.0,2.52,8.8,8.23,,,,2023,1
RA-500,9.59,6.67,10.0,8.59,10.0,2.51,8.38,8.23,,,,2024,0
RA-501,8.5,6.8,8.8,,10.0,7.5,7.33,7.79,Sem limitações,Não,0.0,2022,0
RA-501,7.0,8.9,8.4,8.54,5.0,7.52,9.4,7.79,,,,2023,1
RA-501,7.0,8.75,7.99,8.44,10.0,7.51,8.17,7.79,,,,2024,0
RA-502,9.5,7.4,9.7,,10.0,7.5,7.78,8.29,Sem limitações,Não,1.0,2022,0
RA-502,8.5,8.0,9.8,7.97,10.0,7.52,8.95,8.29,,,,2023,0
RA-502,9.0,8.0,9.76,9.06,10.0,3.76,8.84,8.29,,,,2024,0
RA-503,8.5,8.8,10.0,,5.0,7.5,7.5,7.95,Sem limitações,Não,-1.0,2022,1
RA-503,9.5,8.7,10.0,8.75,10.0,2.52,8.26,7.95,,,,2023,1
RA-503,9.59,7.67,9.82,7.81,10.0,7.51,7.79,7.95,,,,2024,0
RA-504,8.5,8.0,8.9,,10.0,7.5,7.56,8.07,Sem limitações,Não,0.0,2022,1
RA-504,8.0,7.9,8.3,7.5,10.0,7.52,8.84,8.07,,,,2023,0
RA-505,9.5,8.4,8.0,,5.0,7.5,7.56,7.59,Sem limitações,Não,-1.0,2022,0
RA-506,9.5,7.2,7.3,,5.0,7.5,7.28,7.13,Sem limitações,Não,-2.0,2022,0
RA-506,9.5,8.5,8.1,8.96,5.0,5.0,7.92,7.13,,,,2023,0
RA-507,8.5,7.4,10.0,,5.0,7.5,7.22,7.65,Não atendido,Não,-1.0,2022,0
RA-508,8.0,4.5,7.4,,5.0,7.5,7.56,6.58,Não atendido,Não,-1.0,2022,0
RA-508,6.4,7.5,8.6,8.33,10.0,2.52,8.67,6.58,,,,2023,1
RA-508,7.08,4.67,5.57,7.66,10.0,7.51,7.5,6.58,,,,2024,0
RA-509,9.0,9.2,8.2,,5.0,7.5,7.83,7.81,Não atendido,Não,-2.0,2022,1
RA-509,8.5,8.6,8.1,8.96,5.0,2.52,8.84,7.81,,,,2023,1
RA-509,9.17,6.0,6.36,8.28,10.0,2.51,7.25,7.81,,,,2024,0
RA-51,8.8,5.0,7.6,,5.0,7.5,6.5,6.49,Não atendido,Não,-2.0,2022,0
RA-510,8.0,7.1,9.3,,5.0,7.5,7.06,7.34,Não atendido,Não,-2.0,2022,0
RA-511,8.0,5.3,10.0,,5.0,7.5,7.06,7.09,Não atendido,Não,-1.0,2022,0
RA-512,9.0,6.2,9.3,,5.0,7.5,7.72,7.37,Não atendido,Não,-1.0,2022,0
RA-513,9.0,8.3,9.6,,10.0,5.6,7.78,8.23,Requer avaliação,Não,0.0,2022,1
RA-513,9.5,7.5,9.7,8.54,10.0,2.52,9.01,8.23,,,,2023,0
RA-513,10.0,7.67,8.83,9.06,10.0,8.14,8.55,8.23,,,,2024,0
RA-514,8.0,4.8,9.7,,10.0,7.5,5.89,7.04,Não atendido,Não,0.0,2022,0
RA-514,7.9,5.5,7.5,5.0,5.0,2.52,5.9,7.04,,,,2023,1
RA-514,9.0,3.0,7.6,5.63,10.0,4.39,6.0,7.04,,,,2024,0
RA-515,8.0,5.8,6.3,,5.0,7.5,7.56,6.58,Não atendido,Não,-2.0,2022,0
RA-516,10.0,9.9,9.7,,10.0,7.5,8.06,8.9,Não atendido,Não,0.0,2022,1
RA-516,10.0,9.3,9.8,8.75,10.0,2.52,8.72,8.9,,,,2023,1
RA-516,10.0,8.83,10.0,8.54,10.0,2.51,7.56,8.9,,,,2024,0
RA-517,6.9,7.7,9.5,,5.0,7.5,7.83,7.6,Não atendido,Não,-2.0,2022,1
RA-517,4.1,6.6,9.0,6.88,5.0,2.52,6.71,7.6,,,,2023,1
RA-517,7.5,5.0,5.27,6.04,10.0,2.51,6.11,7.6,,,,2024,0
RA-518,9.0,7.5,9.4,,5.0,7.5,7.5,7.66,Não atendido,Não,-1.0,2022,1
RA-518,8.5,6.7,8.5,8.13,10.0,5.0,6.92,7.66,,,,2023,1
RA-518,8.33,4.0,6.83,7.08,10.0,2.51,6.94,7.66,,,,2024,0
RA-519,7.4,7.5,9.6,,10.0,7.5,7.33,8.0,Não atendido,Não,0.0,2022,1
RA-519,9.0,7.4,9.9,7.71,5.0,7.52,8.22,8.0,,,,2023,0
RA-52,9.6,6.2,8.9,,10.0,7.5,7.5,7.86,Não atendido,Não,2.0,2022,0
RA-52,10.0,6.4,9.8,8.13,10.0,2.52,8.3,7.86,,,,2023,0
RA-52,8.75,7.22,9.44,7.5,10.0,6.89,7.5,7.86,,,,2024,0
RA-520,10.0,6.8,6.8,,5.0,7.5,7.28,7.04,Não atendido,Não,-1.0,2022,0
RA-521,9.0,6.0,10.0,,10.0,5.0,7.5,7.73,Requer avaliação,Não,0.0,2022,0
RA-521,0.0,7.9,9.9,7.08,5.0,3.77,8.17,7.73,,,,2023,1
RA-521,8.0,6.25,9.04,6.67,10.0,5.01,7.28,7.73,,,,2024,0
RA-522,9.5,7.5,9.1,,10.0,7.5,8.17,8.31,Não atendido,Não,0.0,2022,0
RA-522,7.5,8.3,9.2,7.08,5.0,7.52,8.45,8.31,,,,2023,0
RA-522,8.0,9.0,9.52,8.44,10.0,7.51,7.89,8.31,,,,2024,0
RA-523,10.0,6.5,9.5,,5.0,7.5,7.56,7.59,Não atendido,Não,-1.0,2022,0
RA-524,0.0,9.1,9.4,,5.0,5.0,8.06,6.95,Requer avaliação,Não,-1.0,2022,1
RA-524,6.4,8.9,9.2,8.33,5.0,2.52,7.42,6.95,,,,2023,1
RA-524,7.08,8.67,5.11,8.33,10.0,2.51,7.39,6.95,,,,2024,0
RA-525,9.0,8.6,9.3,,5.0,7.5,8.17,8.01,Não atendido,Não,-1.0,2022,0
RA-525,8.0,9.2,8.6,8.96,5.0,2.52,9.57,8.01,,,,2023,0
RA-526,10.0,8.0,9.9,,5.0,7.5,8.17,8.08,Não atendido,Não,-2.0,2022,0
RA-526,9.5,8.8,9.8,8.75,5.0,5.0,7.75,8.08,,,,2023,1
RA-526,9.59,7.33,9.38,7.29,5.0,8.13,7.5,8.08,,,,2024,0
RA-527,8.5,6.5,10.0,,10.0,7.5,7.5,8.03,Não atendido,Não,0.0,2022,0
RA-527,9.0,6.5,9.1,7.5,5.0,7.52,7.78,8.03,,,,2023,1
RA-527,9.0,6.0,10.0,8.13,10.0,7.51,7.38,8.03,,,,2024,0
RA-528,0.0,4.0,6.2,,5.0,7.5,6.94,5.34,Não atendido,Não,-1.0,2022,0
RA-528,9.0,8.2,8.5,8.75,5.0,5.0,7.92,5.34,,,,2023,1
RA-528,9.17,6.67,5.79,7.29,10.0,7.51,6.94,5.33,,,,2024,0
RA-529,8.5,5.2,8.9,,5.0,5.0,6.56,6.51,Requer avaliação,Não,-2.0,2022,0
RA-529,8.0,6.8,9.6,5.78,5.0,7.52,6.89,6.51,,,,2023,1
RA-529,7.0,4.25,6.61,4.79,5.0,4.38,4.89,6.51,,,,2024,0
RA-53,9.2,7.0,7.0,,5.0,7.5,6.46,6.73,Não atendido,Não,-2.0,2022,0
RA-53,9.2,7.7,9.1,7.5,5.0,5.63,7.59,6.73,,,,2023,0
RA-530,10.0,8.9,9.0,,5.0,7.5,9.06,8.34,Não atendido,Sim,-1.0,2022,1
RA-530,10.0,5.7,8.8,7.71,10.0,5.0,7.46,8.34,,,,2023,1
RA-530,8.75,4.5,6.47,7.08,10.0,9.38,7.5,8.34,,,,2024,0
RA-531,9.5,7.8,9.8,,5.0,7.5,8.17,8.06,Não atendido,Não,-1.0,2022,1
RA-531,9.5,7.7,10.0,8.75,10.0,2.52,8.59,8.06,,,,2023,1
RA-531,9.17,6.67,9.8,7.97,10.0,4.38,7.34,8.06,,,,2024,0
RA-532,9.5,5.5,9.7,,10.0,7.5,7.17,7.79,Não atendido,Não,0.0,2022,0
RA-533,8.5,6.0,8.8,,5.0,5.6,7.33,6.96,Requer avaliação,Não,-1.0,2022,1
RA-533,9.0,5.8,9.3,7.5,5.0,7.52,7.61,6.96,,,,2023,0
RA-534,9.0,7.1,7.4,,5.0,7.5,7.33,7.13,Não atendido,Não,-2.0,2022,1
RA-534,0.0,5.4,8.1,8.13,5.0,2.52,7.92,7.13,,,,2023,1
RA-534,9.59,5.0,6.04,7.5,10.0,7.51,7.1,7.13,,,,2024,0
RA-535,9.0,5.1,9.2,,5.0,7.5,6.92,6.95,Sem limitações,Não,-1.0,2022,0
RA-535,9.0,5.6,9.4,8.13,10.0,5.0,8.95,6.95,,,,2023,0
RA-535,9.17,6.0,7.16,7.97,10.0,8.14,7.5,6.95,,,,2024,0
RA-536,9.5,6.0,8.9,,5.0,5.6,7.75,7.11,Sem limitações,Não,-1.0,2022,1
RA-536,8.0,5.9,9.3,8.33,10.0,2.52,9.17,7.11,,,,2023,1
RA-536,8.33,5.5,9.11,7.19,10.0,8.14,7.42,7.11,,,,2024,0
RA-537,9.5,4.8,9.0,,5.0,4.4,7.17,6.64,Requer avaliação,Não,-1.0,2022,0
RA-538,8.5,6.8,7.5,,5.0,5.6,5.58,6.31,Requer avaliação,Não,-2.0,2022,1
RA-538,7.4,4.7,8.6,7.92,5.0,2.52,7.39,6.31,,,,2023,0
RA-538,8.75,6.17,7.67,5.63,5.0,7.51,5.29,6.31,,,,2024,0
RA-539,8.5,7.5,9.3,,5.0,6.9,8.42,7.67,Sem limitações,Sim,-1.0,2022,0
RA-539,9.5,8.5,8.6,9.17,5.0,2.52,8.84,7.67,,,,2023,1
RA-539,10.0,5.83,9.23,8.75,10.0,7.51,9.13,7.66,,,,2024,0
RA-54,7.9,4.8,6.9,,5.0,7.5,6.13,6.06,Não atendido,Não,-1.0,2022,0
RA-540,8.5,7.0,9.5,,5.0,5.6,7.5,7.3,Sem limitações,Não,-1.0,2022,0
RA-540,8.5,7.1,8.8,8.96,10.0,5.0,8.95,7.3,,,,2023,0
RA-541,10.0,2.5,7.8,,2.5,6.9,5.0,5.43,Sem limitações,Não,-3.0,2022,0
RA-542,8.0,6.5,9.8,,5.0,6.3,7.42,7.22,Sem limitações,Não,-1.0,2022,1
RA-542,9.5,6.3,9.7,8.75,5.0,5.0,9.01,7.22,,,,2023,1
RA-542,8.75,3.93,6.48,7.03,10.0,8.13,6.23,7.22,,,,2024,0
RA-543,8.5,6.5,9.8,,5.0,4.4,7.17,7.05,Sem limitações,Não,-1.0,2022,0
RA-543,7.8,6.5,9.8,8.75,10.0,2.52,9.01,7.05,,,,2023,0
RA-543,8.75,6.83,9.62,8.91,10.0,2.51,8.7,7.05,,,,2024,0
RA-544,9.5,3.3,9.7,,5.0,5.6,6.0,6.31,Requer avaliação,Não,-1.0,2022,0
RA-545,9.5,5.5,6.6,,5.0,7.5,7.5,6.72,Sem limitações,Não,-2.0,2022,0
RA-546,9.0,5.6,7.9,,5.0,5.0,7.92,6.77,Não indicado,Não,-1.0,2022,0
RA-546,0.0,5.7,7.2,8.75,5.0,2.52,9.17,6.77,,,,2023,1
RA-546,5.83,4.67,3.78,5.16,10.0,8.14,5.5,6.77,,,,2024,0
RA-547,9.5,7.6,9.7,,5.0,5.0,8.83,7.75,Não indicado,Sim,-1.0,2022,1
RA-547,0.0,6.2,9.1,8.75,5.0,2.52,8.95,7.75,,,,2023,0
RA-547,8.75,6.83,7.03,5.63,10.0,8.14,5.93,7.74,,,,2024,0
RA-548,8.0,7.2,9.1,,5.0,6.9,7.58,7.29,Sem limitações,Não,-2.0,2022,0
RA-548,9.0,7.4,9.1,8.33,5.0,2.52,8.28,7.29,,,,2023,1
RA-548,9.17,6.67,7.6,5.94,10.0,7.51,5.63,7.29,,,,2024,0
RA-549,10.0,4.2,7.9,,5.0,6.9,6.17,6.3,Sem limitações,Não,-1.0,2022,0
RA-549,9.5,6.4,8.1,6.88,5.0,5.02,7.5,6.3,,,,2023,1
RA-549,10.0,5.75,7.2,6.41,5.0,6.26,5.91,6.3,,,,2024,0
RA-55,7.1,7.5,7.6,,5.0,5.6,6.5,6.58,Requer avaliação,Não,-1.0,2022,1
RA-55,7.9,7.1,8.1,7.5,5.0,3.14,7.55,6.58,,,,2023,0
RA-550,9.0,1.9,9.0,,5.0,6.9,6.25,6.03,Sem limitações,Não,-2.0,2022,0
RA-551,8.5,6.6,7.3,,5.0,6.9,7.33,6.85,Sem limitações,Não,-2.0,2022,1
RA-551,10.0,5.4,8.6,8.54,5.0,2.52,8.39,6.85,,,,2023,0
RA-552,9.5,5.5,8.8,,5.0,5.0,7.17,6.63,Não indicado,Não,-1.0,2022,0
RA-552,0.0,6.4,5.6,6.67,5.0,3.14,6.89,6.63,,,,2023,0
RA-553,9.5,3.3,6.9,,5.0,6.9,8.17,6.39,Sem limitações,Não,-1.0,2022,0
RA-554,7.9,4.0,6.0,,5.0,6.9,5.75,5.59,Sem limitações,Não,-2.0,2022,0
RA-555,9.5,4.4,8.1,,5.0,5.0,5.17,5.95,Não indicado,Não,-2.0,2022,1
RA-555,7.4,3.9,8.1,6.25,5.0,2.52,6.95,5.95,,,,2023,0
RA-555,10.0,4.33,2.75,5.0,5.0,6.89,5.03,5.95,,,,2024,0
RA-556,9.0,6.4,8.8,,5.0,5.0,8.25,7.18,Não indicado,Não,-1.0,2022,0
RA-556,8.5,7.2,9.6,9.17,5.0,2.52,9.4,7.18,,,,2023,1
RA-556,7.08,3.83,6.17,6.41,10.0,2.51,6.16,7.18,,,,2024,0
RA-557,10.0,9.4,8.4,,5.0,7.5,9.33,8.33,Sem limitações,Sim,-1.0,2022,1
RA-557,10.0,8.9,8.2,9.38,10.0,5.0,9.62,8.33,,,,2023,0
RA-557,10.0,9.67,8.76,10.0,10.0,7.51,9.58,8.33,,,,2024,0
RA-558,9.0,4.3,8.5,,2.5,5.0,4.5,5.54,Não indicado,Não,-3.0,2022,0
RA-558,7.8,6.0,9.4,6.46,2.5,5.0,6.78,5.54,,,,2023,1
RA-558,9.17,3.0,3.78,6.09,5.0,8.13,4.27,5.54,,,,2024,0
RA-559,9.5,7.1,9.2,,5.0,7.5,8.08,7.63,Sem limitações,Não,-1.0,2022,0
RA-559,10.0,7.4,9.4,8.96,5.0,5.0,8.51,7.63,,,,2023,1
RA-559,10.0,3.17,5.71,6.25,10.0,8.13,4.73,7.63,,,,2024,0
RA-56,10.0,7.0,10.0,,10.0,7.5,8.25,8.4,Sem limitações,Não,0.0,2022,0
RA-56,9.6,7.8,9.5,8.13,10.0,5.0,7.8,8.4,,,,2023,1
RA-56,10.0,7.67,9.27,8.44,10.0,10.0,9.23,8.4,,,,2024,0
RA-560,6.9,3.8,7.2,,5.0,5.0,3.75,4.95,Não indicado,Não,-1.0,2022,0
RA-560,0.0,4.0,8.4,5.0,5.0,2.52,6.0,4.95,,,,2023,0
RA-561,9.0,7.4,9.0,,5.0,7.5,8.83,7.86,Sem limitações,Sim,-1.0,2022,0
RA-562,8.0,8.0,9.0,,5.0,7.5,8.75,7.86,Sem limitações,Sim,-1.0,2022,0
RA-562,0.0,8.7,8.5,8.54,5.0,2.52,8.89,7.86,,,,2023,1
RA-562,8.33,7.83,9.83,7.63,10.0,8.14,7.25,7.85,,,,2024,0
RA-563,10.0,8.5,9.2,,5.0,7.5,8.83,8.22,Sem limitações,Sim,-1.0,2022,1
RA-563,6.4,6.2,9.7,8.75,10.0,2.52,8.73,8.22,,,,2023,0
RA-563,9.17,8.33,9.46,8.13,10.0,8.14,7.47,8.22,,,,2024,0
RA-564,9.5,2.3,3.8,,5.0,5.0,6.83,4.97,Não indicado,Não,-2.0,2022,0
RA-565,9.0,2.9,4.1,,5.0,7.5,5.92,5.23,Sem limitações,Não,-2.0,2022,0
RA-566,9.5,8.5,8.4,,5.0,7.5,7.92,7.73,Sem limitações,Não,-2.0,2022,1
RA-566,9.0,8.4,8.8,8.96,5.0,2.52,8.67,7.73,,,,2023,0
RA-567,9.5,4.8,6.0,,5.0,7.5,6.83,6.28,Sem limitações,Não,-1.0,2022,0
RA-568,8.0,8.3,8.6,,2.5,6.9,7.94,7.31,Não atendido,Não,-3.0,2022,1
RA-568,7.0,7.6,7.9,8.13,2.5,5.0,8.01,7.31,,,,2023,1
RA-568,7.92,5.17,3.26,6.56,5.0,8.13,5.5,7.31,,,,2024,0
RA-569,9.5,6.8,8.7,,5.0,5.0,7.33,7.07,Requer avaliação,Não,-2.0,2022,0
RA-57,7.1,8.4,8.1,,5.0,5.6,7.88,7.31,Requer avaliação,Não,-1.0,2022,1
RA-57,0.0,7.2,8.0,7.97,5.0,5.63,7.76,7.31,,,,2023,1
RA-57,9.59,6.17,6.01,8.59,10.0,6.88,7.39,7.3,,,,2024,0
RA-570,9.0,1.3,7.0,,5.0,7.5,6.78,5.72,Não atendido,Não,-1.0,2022,0
RA-570,8.5,5.9,7.3,8.13,5.0,3.77,8.06,5.72,,,,2023,0
RA-570,8.0,6.75,8.0,7.19,5.0,5.63,6.41,5.72,,,,2024,0
RA-571,8.5,3.7,8.8,,5.0,7.5,6.94,6.59,Não atendido,Não,-1.0,2022,0
RA-571,9.0,5.0,7.9,7.29,5.0,3.77,7.62,6.59,,,,2023,0
RA-571,7.0,5.25,8.7,7.03,5.0,4.38,5.83,6.59,,,,2024,0
RA-572,8.5,6.8,8.0,,10.0,7.5,6.83,7.48,Não atendido,Não,0.0,2022,0
RA-573,9.5,8.2,9.9,,5.0,7.5,8.94,8.26,Não atendido,Sim,-1.0,2022,1
RA-573,9.5,6.6,9.8,8.54,5.0,5.0,8.45,8.26,,,,2023,1
RA-573,9.17,5.0,9.5,7.81,10.0,8.76,6.83,8.26,,,,2024,0
RA-574,9.5,7.5,7.2,,5.0,5.0,6.94,6.86,Requer avaliação,Não,-1.0,2022,0
RA-574,6.9,8.1,8.2,7.92,10.0,5.0,8.17,6.86,,,,2023,0
RA-575,8.0,2.8,6.1,,5.0,7.5,7.0,5.89,Não atendido,Não,-2.0,2022,0
RA-576,9.5,7.8,9.1,,5.0,7.5,7.11,7.59,Não atendido,Não,-1.0,2022,0
RA-576,9.0,8.0,9.3,9.22,5.0,5.02,8.5,7.59,,,,2023,0
RA-576,8.5,9.25,10.0,7.81,10.0,7.51,8.5,7.59,,,,2024,0
RA-577,9.5,9.0,9.3,,5.0,7.5,7.11,7.86,Não atendido,Não,-1.0,2022,1
RA-577,10.0,7.4,8.2,6.88,5.0,3.77,7.67,7.86,,,,2023,0
RA-577,8.5,8.0,5.77,6.56,5.0,5.63,6.54,7.86,,,,2024,0
RA-578,9.5,9.5,10.0,,5.0,8.8,9.61,8.81,Sem limitações,Sim,-1.0,2022,0
RA-578,9.0,9.7,10.0,9.79,10.0,2.52,9.76,8.81,,,,2023,0
RA-578,10.0,9.83,10.0,9.58,10.0,2.51,9.45,8.81,,,,2024,0
RA-579,8.5,3.8,5.8,,5.0,7.5,7.22,6.07,Não atendido,Não,-1.0,2022,0
RA-58,9.6,7.2,9.2,,10.0,6.3,8.13,8.14,Sem limitações,Não,0.0,2022,0
RA-58,0.0,8.1,9.7,8.44,10.0,6.26,8.38,8.14,,,,2023,1
RA-58,9.59,7.33,9.82,9.06,10.0,7.51,8.62,8.14,,,,2024,0
RA-580,8.0,7.6,9.6,,5.0,7.5,7.17,7.53,Não atendido,Não,-1.0,2022,0
RA-580,8.5,9.0,9.8,8.75,5.0,7.52,8.67,7.53,,,,2023,0
RA-580,9.0,9.25,8.87,7.03,5.0,7.51,7.25,7.53,,,,2024,0
RA-581,7.5,5.0,8.9,,5.0,7.5,5.89,6.46,Não atendido,Não,-1.0,2022,0
RA-581,8.0,7.9,9.8,6.46,5.0,7.52,7.39,6.46,,,,2023,0
RA-581,7.42,8.75,8.2,6.56,5.0,5.63,6.17,6.46,,,,2024,0
RA-582,10.0,4.9,9.0,,5.0,7.5,7.22,7.06,Não atendido,Não,-1.0,2022,0
RA-583,8.5,7.1,9.4,,5.0,7.5,7.33,7.46,Não atendido,Não,-2.0,2022,1
RA-583,9.0,6.3,9.4,8.33,5.0,7.52,8.62,7.46,,,,2023,1
RA-583,7.92,5.0,8.9,6.88,10.0,8.14,6.87,7.46,,,,2024,0
RA-584,8.0,4.6,8.5,,5.0,7.5,7.33,6.71,Não atendido,Não,-1.0,2022,0
RA-584,9.5,5.8,9.0,8.33,10.0,2.52,8.56,6.71,,,,2023,1
RA-584,8.75,4.33,5.64,7.34,10.0,8.76,6.37,6.71,,,,2024,0
RA-585,8.5,5.0,9.1,,10.0,7.5,6.89,7.4,Não atendido,Não,0.0,2022,0
RA-586,10.0,8.2,9.6,,5.0,5.6,8.78,7.99,Requer avaliação,Sim,-1.0,2022,0
RA-586,8.0,8.4,10.0,8.33,10.0,2.52,9.34,7.99,,,,2023,0
RA-586,9.17,8.5,9.24,8.75,10.0,7.51,8.06,7.99,,,,2024,0
RA-587,9.5,3.8,9.3,,5.0,7.5,6.17,6.63,Não atendido,Não,-1.0,2022,1
RA-587,8.5,2.7,7.0,6.46,5.0,7.52,6.72,6.63,,,,2023,0
RA-587,9.0,6.25,7.38,7.92,5.0,7.51,5.74,6.63,,,,2024,0
RA-588,9.5,9.3,10.0,,10.0,5.6,8.28,8.62,Sem limitações,Não,0.0,2022,1
RA-588,8.0,7.8,9.6,8.96,10.0,2.52,9.67,8.62,,,,2023,0
RA-588,9.17,7.83,9.83,8.75,10.0,7.51,8.0,8.62,,,,2024,0
RA-589,9.5,5.8,9.4,,10.0,7.5,7.06,7.74,Não atendido,Não,0.0,2022,0
RA-59,9.2,7.2,9.3,,5.0,7.5,7.92,7.64,Não atendido,Não,-2.0,2022,0
RA-59,7.5,7.2,9.6,8.28,5.0,5.63,8.42,7.64,,,,2023,0
RA-59,,,0.0,,10.0,,,7.64,,,,2024,0
RA-590,8.5,7.4,8.6,,5.0,7.5,7.61,7.44,Não atendido,Não,-1.0,2022,1
RA-590,6.3,6.5,9.7,7.29,10.0,3.77,8.34,7.44,,,,2023,1
RA-590,8.0,4.0,8.46,7.5,5.0,6.26,7.72,7.43,,,,2024,0
RA-591,9.5,7.1,9.3,,5.0,7.5,7.39,7.51,Não atendido,Não,-1.0,2022,1
RA-591,9.0,6.9,8.5,5.83,5.0,6.27,7.33,7.51,,,,2023,0
RA-591,7.42,7.5,7.91,5.78,5.0,6.26,6.54,7.51,,,,2024,0
RA-592,8.0,8.4,8.5,,5.0,5.6,7.78,7.38,Requer avaliação,Não,-1.0,2022,1
RA-592,6.2,7.6,9.2,7.92,10.0,3.77,8.95,7.38,,,,2023,0
RA-592,7.92,7.83,6.11,7.66,10.0,2.51,7.63,7.38,,,,2024,0
RA-593,7.5,4.6,7.4,,5.0,7.5,6.28,6.25,Não atendido,Não,-1.0,2022,0
RA-594,8.0,7.8,9.4,,5.0,7.5,6.89,7.39,Não atendido,Não,-1.0,2022,1
RA-594,8.5,5.8,7.1,6.88,5.0,6.27,7.34,7.39,,,,2023,0
RA-594,6.92,7.0,5.75,8.13,10.0,6.26,6.05,7.39,,,,2024,0
RA-595,8.5,1.0,5.5,,5.0,7.5,6.0,5.18,Não atendido,Não,-2.0,2022,0
RA-595,0.0,3.3,7.0,6.67,5.0,7.52,5.55,5.18,,,,2023,0
RA-596,9.5,9.3,10.0,,10.0,7.5,9.0,8.97,Sem limitações,Sim,0.0,2022,0
RA-597,9.0,8.0,10.0,,10.0,7.5,7.06,8.27,Sem limitações,Não,0.0,2022,0
RA-597,10.0,8.5,9.6,9.06,5.0,7.52,8.56,8.27,,,,2023,1
RA-597,9.0,6.0,9.33,7.5,10.0,7.51,6.88,8.27,,,,2024,0
RA-598,9.5,3.7,7.2,,5.0,7.5,6.94,6.35,Sem limitações,Não,-1.0,2022,0
RA-599,9.5,9.1,9.2,,5.0,7.5,8.56,8.2,Sem limitações,Sim,-1.0,2022,1
RA-599,10.0,8.5,9.5,8.33,10.0,2.52,9.29,8.2,,,,2023,1
RA-599,10.0,7.67,8.61,7.08,10.0,9.38,7.28,8.2,,,,2024,0
RA-6,7.9,3.3,4.5,,5.0,7.5,7.22,5.85,Sem limitações,Não,-1.0,2022,0
RA-6,,,,,10.0,,,5.85,,,,2023,0
RA-6,,,0.0,,10.0,,,5.85,,,,2024,0
RA-60,6.7,4.9,6.0,,2.5,7.5,6.17,5.54,Não atendido,Não,-3.0,2022,0
RA-600,8.5,3.9,8.4,,10.0,7.5,6.83,7.01,Sem limitações,Não,0.0,2022,0
RA-600,8.5,7.2,8.4,8.28,5.0,7.52,8.06,7.01,,,,2023,0
RA-600,8.0,7.5,8.01,7.5,10.0,7.51,7.22,7.01,,,,2024,0
RA-601,9.0,5.7,9.7,,10.0,7.5,7.17,7.71,Sem limitações,Não,1.0,2022,0
RA-601,9.0,8.7,10.0,9.06,10.0,7.52,8.34,7.71,,,,2023,0
RA-601,9.5,8.75,10.0,8.75,5.0,7.51,8.43,7.71,,,,2024,0
RA-602,10.0,8.6,9.7,,5.0,7.5,7.67,8.04,Sem limitações,Não,-1.0,2022,1
RA-602,10.0,8.1,9.6,8.75,5.0,7.52,9.51,8.04,,,,2023,1
RA-602,9.59,7.33,9.67,8.28,10.0,7.51,8.55,8.04,,,,2024,0
RA-603,9.0,7.5,9.5,,5.0,7.5,8.0,7.78,Sem limitações,Não,-1.0,2022,1
RA-603,0.0,7.0,8.9,7.71,10.0,2.52,7.78,7.78,,,,2023,1
RA-603,9.59,4.67,7.16,6.88,10.0,6.89,6.22,7.78,,,,2024,0
RA-604,9.0,8.8,9.0,,5.0,7.5,8.33,8.02,Sem limitações,Não,-1.0,2022,1
RA-604,9.0,7.5,9.3,8.13,10.0,7.52,8.62,8.02,,,,2023,1
RA-604,8.33,7.0,7.5,6.41,10.0,8.13,6.21,8.02,,,,2024,0
RA-605,6.9,7.1,9.3,,5.0,6.9,7.56,7.28,Sem limitações,Não,-2.0,2022,1
RA-605,9.0,6.8,9.5,7.29,5.0,7.52,7.84,7.28,,,,2023,1
RA-605,7.5,2.67,6.19,7.0,10.0,6.89,5.53,7.28,,,,2024,0
RA-606,9.5,1.8,9.0,,5.0,7.5,6.11,6.13,Sem limitações,Não,-1.0,2022,0
RA-606,8.5,6.0,8.5,7.66,5.0,7.52,8.22,6.13,,,,2023,1
RA-606,8.5,3.25,7.61,8.13,10.0,6.89,5.61,6.13,,,,2024,0
RA-607,6.8,4.0,8.1,,5.0,7.5,7.44,6.44,Sem limitações,Não,-1.0,2022,0
RA-607,8.0,6.8,7.5,7.97,5.0,7.52,8.17,6.44,,,,2023,0
RA-607,8.5,7.0,7.48,7.19,10.0,7.51,7.17,6.44,,,,2024,0
RA-608,7.8,6.3,9.6,,5.0,7.5,7.22,7.22,Sem limitações,Não,-1.0,2022,1
RA-608,10.0,6.2,7.5,7.97,5.0,7.52,8.11,7.22,,,,2023,1
RA-608,9.0,4.25,3.05,7.19,10.0,6.89,5.05,7.22,,,,2024,0
RA-609,8.5,6.0,7.6,,5.0,7.5,7.06,6.79,Sem limitações,Não,-1.0,2022,1
RA-609,9.5,5.3,6.4,6.88,5.0,7.52,6.22,6.79,,,,2023,0
RA-61,9.2,5.8,7.4,,10.0,7.5,7.88,7.53,Não atendido,Não,0.0,2022,0
RA-61,8.3,6.2,7.0,7.97,10.0,6.26,7.46,7.53,,,,2023,0
RA-610,9.0,6.5,9.6,,10.0,7.5,8.5,8.18,Sem limitações,Sim,0.0,2022,0
RA-610,10.0,7.0,10.0,8.54,10.0,2.52,8.9,8.18,,,,2023,1
RA-610,9.59,6.33,9.69,6.88,10.0,3.76,8.34,8.18,,,,2024,0
RA-611,9.5,9.5,7.6,,5.0,7.5,7.56,7.76,Não atendido,Não,-2.0,2022,0
RA-612,9.0,7.9,9.2,,5.0,7.5,7.17,7.59,Não atendido,Não,-1.0,2022,0
RA-612,9.0,9.7,9.7,9.06,5.0,3.77,9.29,7.59,,,,2023,0
RA-612,8.0,9.75,9.55,9.69,10.0,6.26,9.4,7.59,,,,2024,0
RA-613,9.0,9.2,9.2,,5.0,7.5,8.56,8.12,Não atendido,Sim,-2.0,2022,1
RA-613,9.2,4.8,9.4,6.72,5.0,5.0,7.21,8.12,,,,2023,0
RA-613,8.33,7.33,9.57,6.88,5.0,7.51,6.25,8.12,,,,2024,0
RA-614,9.5,9.6,9.7,,5.0,7.5,8.28,8.34,Não atendido,Não,-2.0,2022,1
RA-614,9.0,8.6,9.1,8.33,5.0,7.52,8.56,8.34,,,,2023,1
RA-614,9.59,6.83,9.7,7.92,5.0,7.51,7.6,8.34,,,,2024,0
RA-615,9.5,7.3,9.7,,10.0,7.5,6.89,8.09,Não atendido,Não,0.0,2022,0
RA-615,10.0,7.6,9.7,8.28,5.0,3.14,8.62,8.09,,,,2023,0
RA-616,7.4,8.8,7.4,,5.0,7.5,7.28,7.3,Não atendido,Não,-2.0,2022,1
RA-616,0.0,6.8,6.6,5.83,5.0,5.02,6.78,7.3,,,,2023,1
RA-616,7.5,3.83,3.09,6.46,10.0,6.89,4.95,7.3,,,,2024,0
RA-617,8.5,6.3,8.9,,5.0,7.5,6.78,7.11,Não atendido,Não,-1.0,2022,0
RA-617,0.0,6.9,9.0,7.71,5.0,7.52,8.12,7.11,,,,2023,0
RA-618,8.9,6.7,8.3,,5.0,7.5,7.33,7.18,Não atendido,Não,-2.0,2022,1
RA-618,0.0,6.2,9.2,8.13,5.0,5.02,7.95,7.18,,,,2023,1
RA-618,10.0,4.17,8.32,6.67,5.0,6.88,6.83,7.18,,,,2024,0
RA-619,9.5,9.0,8.0,,5.0,7.5,7.33,7.69,Não atendido,Não,-1.0,2022,0
RA-619,9.0,9.0,7.1,7.71,10.0,3.77,8.12,7.69,,,,2023,0
RA-62,8.8,9.3,9.4,,5.0,7.5,7.25,7.89,Não atendido,Não,-2.0,2022,1
RA-62,0.0,7.5,9.8,8.25,10.0,6.89,8.22,7.89,,,,2023,0
RA-62,,,0.0,,10.0,,,7.89,,,,2024,0
RA-620,0.0,6.8,7.5,,5.0,7.5,6.83,6.02,Não atendido,Não,-2.0,2022,1
RA-620,6.8,6.2,8.4,6.88,5.0,7.52,7.5,6.02,,,,2023,1
RA-620,8.33,2.5,3.98,7.08,10.0,7.51,5.89,6.02,,,,2024,0
RA-621,9.5,7.5,7.7,,5.0,7.5,8.22,7.45,Não atendido,Não,-1.0,2022,0
RA-622,3.5,3.8,3.8,,5.0,7.5,6.0,4.93,Não atendido,Não,-2.0,2022,0
RA-623,7.5,8.3,9.0,,5.0,7.5,7.39,7.52,Não atendido,Não,-2.0,2022,1
RA-623,10.0,7.3,9.5,7.29,5.0,7.52,7.45,7.52,,,,2023,1
RA-623,8.33,4.0,7.4,6.46,5.0,6.89,7.05,7.52,,,,2024,0
RA-624,9.0,6.8,8.9,,5.0,7.5,7.72,7.43,Não atendido,Não,-1.0,2022,0
RA-624,9.0,8.6,9.2,8.91,5.0,7.52,8.39,7.43,,,,2023,1
RA-624,8.0,4.0,8.22,7.92,10.0,7.51,7.21,7.42,,,,2024,0
RA-625,8.0,7.8,9.2,,5.0,7.5,7.33,7.48,Não atendido,Não,-1.0,2022,0
RA-626,7.4,1.3,7.6,,5.0,7.5,7.28,5.82,Não atendido,Não,-1.0,2022,0
RA-626,9.0,6.5,9.2,7.29,5.0,4.39,7.61,5.82,,,,2023,1
RA-626,9.59,5.33,3.38,7.29,10.0,6.89,6.44,5.82,,,,2024,0
RA-627,7.0,6.5,6.7,,5.0,7.5,7.0,6.62,Não atendido,Não,-1.0,2022,0
RA-628,9.5,9.2,7.6,,5.0,7.5,7.33,7.58,Não atendido,Não,-1.0,2022,0
RA-628,9.5,9.4,8.9,8.28,5.0,7.52,8.45,7.58,,,,2023,1
RA-628,9.0,9.0,10.0,7.19,5.0,7.51,7.83,7.58,,,,2024,0
RA-629,9.0,7.0,10.0,,10.0,7.5,7.28,8.11,Não atendido,Não,0.0,2022,0
RA-629,10.0,7.5,9.4,7.92,5.0,7.52,7.95,8.11,,,,2023,1
RA-629,10.0,6.0,9.52,7.5,10.0,7.51,7.28,8.11,,,,2024,0
RA-63,8.3,8.7,9.1,,5.0,8.8,9.42,8.28,Sem limitações,Sim,-1.0,2022,0
RA-63,6.7,8.7,9.0,8.75,5.0,6.89,8.97,8.28,,,,2023,0
RA-630,9.5,7.3,9.2,,10.0,7.5,7.28,8.06,Não atendido,Não,0.0,2022,1
RA-630,9.0,5.7,8.6,8.28,5.0,3.77,8.67,8.06,,,,2023,0
RA-630,0.0,5.75,8.48,7.5,10.0,7.51,7.67,8.06,,,,2024,0
RA-631,8.5,7.0,6.8,,5.0,7.5,7.22,6.93,Não atendido,Não,-2.0,2022,0
RA-631,0.0,7.0,6.4,7.92,5.0,6.27,6.78,6.93,,,,2023,1
RA-631,8.33,4.17,7.21,5.63,10.0,8.75,6.25,6.93,,,,2024,0
RA-632,8.5,6.3,9.3,,5.0,6.9,6.72,7.0,Sem limitações,Não,-1.0,2022,0
RA-632,4.7,7.4,9.1,8.33,10.0,5.64,8.56,7.0,,,,2023,1
RA-632,7.92,4.17,9.0,8.28,10.0,6.88,7.88,7.0,,,,2024,0
RA-633,7.3,7.7,8.9,,5.0,7.5,7.83,7.48,Não atendido,Não,-1.0,2022,1
RA-633,1.7,7.2,8.1,8.54,5.0,6.27,7.29,7.48,,,,2023,1
RA-633,4.58,3.33,4.71,6.88,10.0,2.51,6.12,7.48,,,,2024,0
RA-634,9.5,6.5,9.4,,5.0,7.5,8.22,7.62,Não atendido,Não,-1.0,2022,0
RA-635,10.0,1.5,4.9,,5.0,6.9,6.44,5.31,Requer avaliação,Não,-1.0,2022,0
RA-636,8.5,7.3,8.0,,5.0,6.9,7.39,7.19,Requer avaliação,Não,-1.0,2022,0
RA-636,0.0,9.0,8.3,8.33,5.0,5.64,7.45,7.19,,,,2023,1
RA-636,8.0,5.25,4.9,6.88,10.0,7.51,5.55,7.19,,,,2024,0
RA-637,8.5,5.8,9.0,,5.0,7.5,7.0,7.04,Não atendido,Não,-1.0,2022,0
RA-637,8.0,8.5,9.5,8.33,5.0,7.52,8.17,7.04,,,,2023,1
RA-637,7.5,7.75,6.23,8.33,10.0,7.51,7.78,7.04,,,,2024,0
RA-638,8.5,3.9,9.3,,10.0,7.5,6.28,7.06,Não atendido,Não,0.0,2022,0
RA-638,9.0,6.5,9.4,8.33,5.0,7.52,7.95,7.06,,,,2023,1
RA-638,8.5,5.0,5.73,8.13,10.0,7.51,5.94,7.06,,,,2024,0
RA-639,8.5,5.5,7.4,,5.0,7.5,6.61,6.61,Não atendido,Não,-1.0,2022,0
RA-639,7.4,6.3,8.1,8.13,10.0,6.27,7.62,6.61,,,,2023,1
RA-639,7.92,3.83,5.28,6.72,10.0,2.51,6.16,6.61,,,,2024,0
RA-64,7.1,7.5,8.1,,5.0,8.1,8.25,7.37,Sem limitações,Não,-1.0,2022,1
RA-64,7.5,6.7,9.2,7.34,5.0,6.89,7.96,7.37,,,,2023,0
RA-64,10.0,8.17,8.98,8.44,10.0,8.14,8.28,7.37,,,,2024,0
RA-640,9.0,4.8,8.4,,5.0,7.5,6.78,6.73,Não atendido,Não,-1.0,2022,0
RA-640,0.0,4.9,7.3,7.29,5.0,7.52,8.45,6.73,,,,2023,0
RA-641,9.0,6.5,9.3,,10.0,7.5,6.78,7.78,Não atendido,Não,0.0,2022,0
RA-642,10.0,7.3,9.7,,5.0,6.9,7.78,7.75,Sem limitações,Não,-1.0,2022,1
RA-642,9.5,6.5,9.2,8.75,10.0,6.27,9.17,7.75,,,,2023,1
RA-642,9.59,4.0,9.15,7.19,10.0,3.76,7.0,7.75,,,,2024,0
RA-643,9.0,6.2,8.0,,5.0,7.5,6.72,6.76,Não atendido,Não,-1.0,2022,0
RA-643,9.5,7.1,8.2,6.04,5.0,7.52,7.61,6.76,,,,2023,1
RA-643,9.0,4.5,6.87,8.13,5.0,7.51,5.83,6.76,,,,2024,0
RA-644,9.5,8.8,8.0,,5.0,7.5,8.28,7.83,Não atendido,Não,-1.0,2022,1
RA-644,10.0,5.9,5.6,8.54,5.0,7.52,7.5,7.83,,,,2023,0
RA-645,8.5,2.0,8.1,,5.0,7.5,6.83,6.09,Requer avaliação,Não,-1.0,2022,0
RA-645,9.0,7.3,8.5,8.13,5.0,6.27,8.12,6.09,,,,2023,1
RA-645,7.42,5.25,8.39,7.71,10.0,7.51,7.56,6.09,,,,2024,0
RA-646,8.5,8.4,9.8,,5.0,8.1,8.39,8.18,Não atendido,Sim,-2.0,2022,0
RA-646,10.0,8.4,8.9,8.96,5.0,7.52,8.78,8.18,,,,2023,1
RA-646,10.0,6.17,9.27,8.28,5.0,7.51,7.75,8.18,,,,2024,0
RA-647,9.5,3.3,8.6,,5.0,7.5,7.28,6.61,Não atendido,Não,-1.0,2022,0
RA-647,7.3,5.2,8.7,7.71,5.0,6.27,8.45,6.61,,,,2023,0
RA-648,9.0,5.3,7.5,,5.0,6.9,7.5,6.74,Sem limitações,Não,-2.0,2022,0
RA-649,8.5,7.4,8.9,,5.0,5.6,7.61,7.3,Requer avaliação,Não,-2.0,2022,1
RA-649,9.0,6.5,9.3,8.75,5.0,3.77,8.84,7.3,,,,2023,1
RA-649,8.75,3.67,6.0,8.33,10.0,8.76,7.33,7.3,,,,2024,0
RA-65,8.3,9.3,7.7,,5.0,7.5,7.88,7.71,Não atendido,Não,-2.0,2022,0
RA-650,6.9,6.9,8.7,,5.0,5.6,7.5,7.0,Sem limitações,Não,-1.0,2022,0
RA-651,8.5,7.8,9.3,,5.0,7.5,8.33,7.87,Não atendido,Não,-1.0,2022,0
RA-651,0.0,9.3,8.2,8.75,10.0,3.77,7.95,7.87,,,,2023,1
RA-651,9.17,7.5,10.0,8.54,10.0,7.51,8.34,7.87,,,,2024,0
RA-652,8.0,7.8,9.6,,10.0,7.5,7.5,8.15,Não atendido,Não,0.0,2022,1
RA-652,9.0,7.0,9.4,8.13,5.0,6.89,8.45,8.15,,,,2023,1
RA-652,8.0,5.5,6.93,7.92,10.0,7.51,7.66,8.15,,,,2024,0
RA-653,9.5,9.3,9.6,,5.0,7.5,7.5,8.1,Não atendido,Não,-1.0,2022,1
RA-653,0.0,7.9,9.8,9.17,5.0,6.27,9.06,8.1,,,,2023,1
RA-653,8.75,5.17,9.54,8.33,10.0,8.76,7.89,8.1,,,,2024,0
RA-654,8.5,6.8,8.6,,5.0,7.5,7.56,7.31,Não atendido,Não,-2.0,2022,0
RA-655,7.5,8.3,9.2,,5.0,7.5,8.39,7.79,Não atendido,Sim,-2.0,2022,0
RA-655,7.4,8.3,9.9,9.17,5.0,7.52,8.9,7.79,,,,2023,1
RA-655,7.5,6.83,10.0,8.13,10.0,8.76,7.17,7.79,,,,2024,0
RA-656,7.4,6.3,7.5,,5.0,5.6,7.5,6.65,Requer avaliação,Não,-1.0,2022,0
RA-656,0.0,7.3,8.9,8.54,5.0,7.52,7.17,6.65,,,,2023,1
RA-656,9.17,4.17,5.98,7.5,10.0,7.51,6.11,6.65,,,,2024,0
RA-657,9.5,9.0,9.8,,5.0,7.5,7.5,8.09,Não atendido,Não,-2.0,2022,1
RA-657,8.5,8.2,10.0,8.75,5.0,7.52,8.73,8.09,,,,2023,1
RA-657,8.75,7.5,9.6,8.13,10.0,6.89,7.06,8.09,,,,2024,0
RA-658,10.0,5.6,9.3,,5.0,7.5,7.92,7.41,Não atendido,Não,-1.0,2022,0
RA-658,9.5,6.1,9.5,7.92,10.0,7.52,9.17,7.41,,,,2023,1
RA-658,8.75,3.67,10.0,7.38,10.0,8.14,6.74,7.41,,,,2024,0
RA-659,8.0,9.3,7.8,,5.0,7.5,8.33,7.78,Não atendido,Não,-1.0,2022,0
RA-66,7.5,4.5,5.6,,5.0,7.5,5.92,5.67,Não atendido,Não,-2.0,2022,0
RA-660,9.5,6.9,9.0,,10.0,7.5,9.08,8.36,Não atendido,Sim,0.0,2022,0
RA-661,9.0,7.8,8.3,,5.0,7.5,7.92,7.59,Não atendido,Não,-1.0,2022,1
RA-661,0.0,6.5,7.7,7.5,10.0,6.89,7.84,7.59,,,,2023,0
RA-662,9.0,6.8,8.8,,5.0,7.5,6.08,7.04,Não atendido,Não,-1.0,2022,1
RA-662,6.8,6.7,7.6,7.29,5.0,6.27,6.72,7.04,,,,2023,1
RA-662,7.92,4.17,7.61,7.63,10.0,7.51,7.23,7.04,,,,2024,0
RA-663,6.9,5.8,8.7,,5.0,7.5,5.25,6.38,Não atendido,Não,-1.0,2022,0
RA-663,6.9,7.0,7.4,6.67,5.0,7.52,7.39,6.38,,,,2023,1
RA-663,8.5,6.5,7.09,6.88,5.0,5.63,6.89,6.38,,,,2024,0
RA-664,9.5,6.3,8.8,,5.0,7.5,7.17,7.28,Não atendido,Não,-1.0,2022,0
RA-664,9.0,8.0,9.6,7.92,5.0,7.52,8.12,7.28,,,,2023,1
RA-664,9.0,5.75,6.77,8.13,10.0,7.51,7.67,7.28,,,,2024,0
RA-665,9.0,6.8,7.4,,5.0,7.5,7.25,7.0,Não atendido,Não,-1.0,2022,1
RA-665,9.5,5.2,4.9,8.28,5.0,2.52,8.23,7.0,,,,2023,1
RA-665,8.33,4.75,5.07,7.5,5.0,5.63,5.44,7.0,,,,2024,0
RA-666,9.5,7.8,9.1,,5.0,7.5,8.83,7.93,Não atendido,Sim,-1.0,2022,1
RA-666,9.5,7.1,9.1,8.54,10.0,7.52,9.62,7.93,,,,2023,0
RA-666,10.0,7.17,7.88,7.5,10.0,7.51,8.38,7.93,,,,2024,0
RA-667,8.5,4.5,5.6,,5.0,7.5,5.83,5.84,Não atendido,Não,-1.0,2022,0
RA-667,9.0,5.2,6.9,7.08,5.0,6.89,7.84,5.84,,,,2023,1
RA-667,9.17,4.67,7.04,7.75,10.0,7.51,6.97,5.84,,,,2024,0
RA-668,6.9,2.8,3.3,,5.0,7.5,3.75,4.37,Não atendido,Não,-1.0,2022,0
RA-668,6.3,3.4,6.3,6.88,5.0,7.52,7.62,4.37,,,,2023,0
RA-669,9.0,6.0,9.7,,5.0,7.5,7.83,7.48,Não atendido,Não,-1.0,2022,1
RA-669,8.5,5.0,7.8,7.71,10.0,7.52,7.06,7.48,,,,2023,0
RA-669,7.5,5.33,4.85,7.29,10.0,7.51,6.88,7.48,,,,2024,0
RA-67,5.8,3.6,3.0,,5.0,7.5,6.89,5.2,Não atendido,Não,-1.0,2022,0
RA-670,8.0,6.9,8.8,,5.0,7.5,8.17,7.45,Não atendido,Não,-1.0,2022,0
RA-670,9.5,7.0,8.7,8.96,10.0,7.52,9.34,7.45,,,,2023,0
RA-670,9.59,8.67,9.44,8.96,10.0,7.51,8.17,7.45,,,,2024,0
RA-671,8.5,8.8,8.2,,5.0,8.1,7.42,7.62,Sem limitações,Não,-1.0,2022,1
RA-671,7.9,7.8,8.3,5.63,5.0,3.14,5.68,7.62,,,,2023,0
RA-672,8.5,8.8,8.5,,5.0,8.1,6.75,7.48,Não atendido,Não,-1.0,2022,1
RA-672,7.9,6.4,9.5,5.63,5.0,2.52,6.43,7.48,,,,2023,1
RA-672,7.92,0.0,3.95,6.04,5.0,6.26,4.5,7.48,,,,2024,0
RA-673,8.5,9.2,9.2,,10.0,8.1,8.58,8.65,Não atendido,Sim,0.0,2022,0
RA-674,9.5,8.0,8.7,,10.0,8.1,6.33,7.86,Sem limitações,Não,0.0,2022,1
RA-674,7.9,5.2,8.5,5.0,5.0,3.77,8.67,7.86,,,,2023,0
RA-675,10.0,7.4,6.6,,10.0,8.1,7.08,7.58,Não atendido,Não,0.0,2022,0
RA-675,10.0,8.3,8.0,6.88,10.0,7.52,8.34,7.58,,,,2023,0
RA-676,8.5,9.3,8.6,,5.0,8.1,8.17,7.91,Não atendido,Não,-1.0,2022,0
RA-677,10.0,7.3,9.4,,10.0,7.5,8.58,8.36,Não atendido,Sim,0.0,2022,0
RA-677,10.0,8.7,8.2,6.88,5.0,10.0,9.84,8.36,,,,2023,0
RA-678,9.0,7.3,10.0,,5.0,6.9,9.5,8.0,Sem limitações,Sim,-1.0,2022,0
RA-678,8.0,7.3,8.8,7.66,5.0,6.27,8.34,8.0,,,,2023,0
RA-679,9.0,6.3,8.2,,5.0,7.5,7.83,7.17,Sem limitações,Não,-2.0,2022,1
RA-679,7.5,3.6,7.5,6.88,5.0,5.02,7.39,7.17,,,,2023,0
RA-68,8.3,4.0,6.0,,5.0,7.5,7.94,6.44,Não atendido,Não,-1.0,2022,0
RA-680,9.5,7.4,8.8,,5.0,7.5,7.75,7.52,Não atendido,Não,-2.0,2022,1
RA-680,0.0,6.4,9.1,6.88,5.0,7.52,7.78,7.52,,,,2023,1
RA-680,0.0,3.0,6.64,6.67,5.0,5.64,6.61,7.52,,,,2024,0
RA-681,8.5,6.5,8.5,,5.0,6.9,8.0,7.2,Requer avaliação,Não,-2.0,2022,0
RA-681,0.0,8.3,7.8,5.63,5.0,3.77,8.18,7.2,,,,2023,1
RA-681,9.5,2.5,7.84,5.63,5.0,6.26,6.67,7.2,,,,2024,0
RA-682,9.5,7.0,9.1,,5.0,7.5,8.08,7.63,Não atendido,Não,-2.0,2022,0
RA-683,7.9,4.0,5.0,,5.0,7.5,8.08,6.01,Não atendido,Não,-2.0,2022,0
RA-684,9.5,9.3,7.5,,10.0,8.1,7.92,8.26,Não atendido,Não,0.0,2022,1
RA-684,9.0,6.5,8.1,6.88,10.0,7.52,5.84,8.26,,,,2023,1
RA-684,10.0,4.25,9.09,7.5,10.0,7.51,8.0,8.26,,,,2024,0
RA-685,9.0,8.0,6.2,,5.0,5.0,7.83,6.86,Não indicado,Não,-1.0,2022,0
RA-686,7.5,8.8,8.6,,5.0,8.1,8.08,7.73,Sem limitações,Não,-1.0,2022,1
RA-686,8.5,8.0,9.0,7.5,5.0,7.52,8.56,7.73,,,,2023,1
RA-686,8.0,7.25,8.79,8.44,10.0,6.89,7.5,7.73,,,,2024,0
RA-687,8.5,8.3,9.0,,5.0,8.1,8.0,7.7,Sem limitações,Não,-1.0,2022,1
RA-687,8.0,6.9,9.0,7.5,5.0,7.52,8.23,7.7,,,,2023,0
RA-687,7.5,7.25,9.24,8.75,10.0,7.51,8.0,7.7,,,,2024,0
RA-688,8.5,7.9,9.7,,5.0,7.5,7.92,7.77,Sem limitações,Não,-1.0,2022,0
RA-688,8.5,8.6,9.3,7.5,5.0,7.52,8.06,7.77,,,,2023,1
RA-688,9.5,7.5,10.0,8.33,10.0,8.13,9.45,7.77,,,,2024,0
RA-689,7.4,5.8,7.9,,5.0,5.6,6.67,6.43,Requer avaliação,Não,-1.0,2022,0
RA-69,8.3,2.5,6.1,,5.0,7.5,6.17,5.72,Sem limitações,Não,-1.0,2022,0
RA-690,9.5,7.0,9.5,,5.0,7.5,7.42,7.54,Requer avaliação,Não,-1.0,2022,0
RA-690,9.0,9.1,9.8,7.5,5.0,6.89,10.01,7.54,,,,2023,1
RA-690,7.92,6.25,8.41,8.44,5.0,7.51,7.84,7.54,,,,2024,0
RA-691,10.0,9.4,9.2,,10.0,8.1,7.92,8.68,Sem limitações,Não,0.0,2022,0
RA-692,9.5,6.9,8.9,,5.0,8.1,7.92,7.57,Sem limitações,Não,-1.0,2022,1
RA-692,7.4,4.6,7.7,6.67,5.0,7.52,7.39,7.57,,,,2023,0
RA-693,9.5,5.7,9.8,,10.0,8.1,7.67,7.94,Sem limitações,Não,0.0,2022,0
RA-693,10.0,8.5,9.4,7.5,10.0,6.89,10.01,7.94,,,,2023,1
RA-693,10.0,8.0,9.52,7.81,10.0,9.38,8.42,7.94,,,,2024,0
RA-694,10.0,8.1,9.0,,10.0,8.1,7.92,8.38,Sem limitações,Não,0.0,2022,0
RA-695,9.0,2.5,3.1,,10.0,7.5,2.5,4.28,Sem limitações,Não,0.0,2022,0
RA-696,8.5,6.6,9.0,,5.0,7.5,8.17,7.44,Sem limitações,Não,-1.0,2022,0
RA-696,0.0,6.7,9.4,7.5,10.0,5.02,8.5,7.44,,,,2023,1
RA-696,7.42,5.25,7.85,7.71,10.0,7.51,8.0,7.44,,,,2024,0
RA-697,7.0,8.4,9.3,,5.0,7.5,8.08,7.68,Sem limitações,Não,-2.0,2022,0
RA-698,9.0,8.1,9.8,,5.0,2.5,8.08,7.44,Requer avaliação,Não,-1.0,2022,1
RA-698,8.5,5.7,9.9,7.19,10.0,2.52,8.11,7.44,,,,2023,1
RA-698,9.0,4.5,8.32,7.29,10.0,6.88,7.27,7.44,,,,2024,0
RA-699,5.2,7.1,9.2,,5.0,7.5,6.0,6.66,Sem limitações,Não,-1.0,2022,1
RA-699,8.5,6.0,8.3,5.78,5.0,3.77,6.17,6.66,,,,2023,0
RA-699,6.33,6.5,7.73,6.56,5.0,6.26,5.83,6.66,,,,2024,0
RA-7,0.0,7.6,8.4,,5.0,7.5,7.67,6.82,Sem limitações,Não,-1.0,2022,0
RA-7,,,,,10.0,,,6.82,,,,2023,0
RA-7,,,0.0,,10.0,,,6.82,,,,2024,0
RA-70,8.8,2.9,6.6,,5.0,5.0,6.11,5.71,Sem limitações,Não,-1.0,2022,0
RA-70,9.2,4.3,9.2,7.5,5.0,5.0,7.55,5.71,,,,2023,0
RA-700,9.0,9.2,8.7,,5.0,7.5,7.08,7.74,Não atendido,Não,-1.0,2022,1
RA-700,9.5,7.8,9.7,6.25,5.0,7.52,9.84,7.74,,,,2023,1
RA-700,8.5,5.25,9.56,7.29,5.0,5.64,7.0,7.74,,,,2024,0
RA-701,9.0,8.7,9.3,,5.0,7.5,7.42,7.76,Não indicado,Não,-2.0,2022,1
RA-701,9.5,7.2,9.9,6.25,5.0,3.77,7.68,7.76,,,,2023,0
RA-702,10.0,6.8,8.6,,10.0,5.0,7.0,7.39,Não indicado,Não,0.0,2022,0
RA-702,10.0,9.3,10.0,7.5,5.0,5.63,7.83,7.39,,,,2023,1
RA-702,9.0,9.25,9.75,7.81,5.0,2.51,7.16,7.39,,,,2024,0
RA-703,7.5,5.1,7.4,,5.0,5.0,6.83,6.1,Não indicado,Não,-2.0,2022,1
RA-703,9.5,4.6,8.4,6.88,5.0,3.14,6.16,6.1,,,,2023,0
RA-704,9.0,7.2,8.6,,5.0,5.0,6.58,6.74,Não atendido,Não,-2.0,2022,1
RA-704,10.0,6.1,9.9,5.63,5.0,3.14,6.27,6.74,,,,2023,0
RA-704,7.5,6.5,8.65,6.46,5.0,5.64,6.62,6.74,,,,2024,0
RA-705,9.5,7.1,6.2,,5.0,7.5,6.33,6.63,Não atendido,Não,-2.0,2022,0
RA-705,0.0,8.8,8.3,7.5,5.0,6.89,8.17,6.63,,,,2023,1
RA-705,9.0,3.5,6.43,5.63,5.0,5.01,4.23,6.63,,,,2024,0
RA-706,9.5,9.1,6.7,,5.0,7.5,8.42,7.66,Não atendido,Sim,-2.0,2022,1
RA-706,9.0,7.3,7.8,6.88,5.0,4.39,8.08,7.66,,,,2023,1
RA-706,0.0,3.25,7.14,7.66,10.0,6.26,7.0,7.66,,,,2024,0
RA-707,10.0,8.5,8.1,,5.0,6.9,8.08,7.68,Não atendido,Não,-2.0,2022,1
RA-707,0.0,6.5,9.8,7.92,5.0,3.77,7.95,7.68,,,,2023,0
RA-707,7.92,6.5,7.72,6.41,5.0,4.38,6.42,7.68,,,,2024,0
RA-708,8.0,7.3,8.4,,5.0,7.5,7.58,7.28,Não atendido,Não,-1.0,2022,0
RA-708,0.0,9.2,9.8,8.13,5.0,7.52,8.28,7.28,,,,2023,0
RA-709,9.5,2.3,3.5,,5.0,7.5,7.08,5.31,Não atendido,Não,-2.0,2022,0
RA-709,10.0,4.9,7.9,5.63,5.0,7.52,6.59,5.31,,,,2023,0
RA-709,7.42,6.0,7.99,6.88,5.0,7.51,6.77,5.31,,,,2024,0
RA-71,7.9,1.2,2.0,,5.0,7.5,5.83,4.33,Não atendido,Não,-2.0,2022,0
RA-71,6.7,6.6,9.8,7.5,5.0,6.26,7.71,4.33,,,,2023,0
RA-710,9.5,6.9,8.9,,5.0,5.0,8.0,7.29,Não atendido,Não,-2.0,2022,1
RA-710,9.5,6.5,9.0,7.08,5.0,3.77,7.11,7.29,,,,2023,0
RA-710,9.17,6.75,8.17,7.66,5.0,5.63,6.54,7.28,,,,2024,0
RA-711,9.0,3.5,7.9,,5.0,6.3,6.0,6.04,Não atendido,Não,-1.0,2022,0
RA-712,8.0,8.0,5.1,,5.0,5.0,5.83,6.03,Não indicado,Não,-2.0,2022,1
RA-712,9.5,6.7,5.6,7.5,5.0,3.14,6.84,6.03,,,,2023,0
RA-712,7.5,6.75,5.98,6.56,5.0,5.63,6.04,6.03,,,,2024,0
RA-713,10.0,7.8,8.7,,5.0,7.5,7.25,7.42,Não atendido,Não,-1.0,2022,1
RA-713,8.0,7.5,9.6,6.88,5.0,3.77,8.17,7.42,,,,2023,1
RA-713,8.0,6.75,7.53,7.03,10.0,7.51,6.79,7.42,,,,2024,0
RA-714,9.0,8.0,6.9,,5.0,5.6,7.25,6.95,Não indicado,Não,-2.0,2022,1
RA-714,0.0,7.4,8.0,7.5,5.0,3.14,7.22,6.95,,,,2023,1
RA-714,0.0,4.0,6.87,7.66,5.0,6.26,7.0,6.95,,,,2024,0
RA-715,8.5,4.9,8.7,,5.0,4.4,7.92,6.66,Não indicado,Não,-1.0,2022,0
RA-715,0.0,5.4,9.5,5.63,5.0,3.14,7.68,6.66,,,,2023,1
RA-715,9.0,2.75,5.25,5.0,10.0,3.76,4.67,6.66,,,,2024,0
RA-716,8.9,6.7,8.1,,5.0,7.5,5.42,6.53,Não atendido,Não,-1.0,2022,1
RA-716,9.0,5.6,8.7,6.88,5.0,3.77,7.44,6.53,,,,2023,0
RA-716,9.0,5.75,5.53,6.72,5.0,7.51,5.79,6.52,,,,2024,0
RA-717,9.0,5.4,7.3,,5.0,7.5,7.92,6.83,Não atendido,Não,-2.0,2022,0
RA-717,0.0,5.9,8.5,8.13,5.0,7.52,8.45,6.83,,,,2023,0
RA-718,8.0,9.2,8.9,,10.0,6.3,7.42,8.09,Sem limitações,Não,0.0,2022,1
RA-718,9.5,7.8,9.1,7.92,10.0,3.77,8.39,8.09,,,,2023,0
RA-718,10.0,9.5,9.51,7.5,10.0,5.64,7.95,8.09,,,,2024,0
RA-719,9.0,4.2,4.6,,5.0,7.5,6.08,5.55,Não atendido,Não,-2.0,2022,0
RA-719,9.5,5.9,5.3,5.63,5.0,7.52,7.1,5.55,,,,2023,0
RA-719,10.0,6.5,7.35,7.5,5.0,7.51,6.74,5.55,,,,2024,0
RA-72,8.3,7.8,7.5,,5.0,7.5,8.67,7.64,Não atendido,Sim,-2.0,2022,0
RA-720,8.0,7.6,5.9,,5.0,7.5,7.08,6.73,Não atendido,Não,-1.0,2022,0
RA-721,9.5,7.6,8.1,,10.0,7.5,7.92,7.97,Não atendido,Não,0.0,2022,0
RA-721,8.5,8.4,9.5,8.13,10.0,7.52,8.44,7.97,,,,2023,1
RA-721,9.0,8.25,9.54,8.75,10.0,8.14,8.76,7.97,,,,2024,0
RA-722,10.0,8.1,8.1,,5.0,4.4,8.33,7.41,Sem limitações,Não,-1.0,2022,1
RA-722,8.5,6.4,9.6,8.13,5.0,2.52,8.67,7.41,,,,2023,0
RA-723,10.0,5.5,6.6,,10.0,8.1,8.17,7.43,Não atendido,Não,0.0,2022,0
RA-724,9.5,5.6,5.9,,10.0,5.6,8.0,6.93,Sem limitações,Não,0.0,2022,0
RA-725,8.0,5.0,5.9,,10.0,8.1,5.5,6.33,Não atendido,Não,0.0,2022,0
RA-725,9.5,8.4,9.0,8.13,5.0,7.52,8.11,6.33,,,,2023,1
RA-725,7.5,7.25,7.67,7.5,5.0,7.51,6.77,6.33,,,,2024,0
RA-726,10.0,4.4,7.5,,10.0,7.5,6.58,6.99,Não atendido,Não,0.0,2022,0
RA-726,10.0,6.0,6.1,5.63,10.0,7.52,8.17,6.99,,,,2023,0
RA-727,9.0,8.4,7.7,,10.0,8.1,6.75,7.74,Não atendido,Não,0.0,2022,1
RA-727,9.5,8.0,8.8,7.5,5.0,2.52,9.34,7.74,,,,2023,0
RA-727,10.0,8.5,8.48,8.13,10.0,6.26,8.06,7.74,,,,2024,0
RA-728,9.5,9.1,7.3,,10.0,8.1,8.17,8.24,Não atendido,Não,0.0,2022,0
RA-729,10.0,8.1,8.7,,10.0,8.1,7.25,8.16,Não atendido,Não,0.0,2022,0
RA-729,8.0,8.6,9.1,6.56,5.0,3.77,7.01,8.16,,,,2023,1
RA-729,8.0,6.0,8.42,7.5,5.0,2.51,7.5,8.15,,,,2024,0
RA-73,7.1,3.3,3.0,,5.0,7.5,7.28,5.27,Não atendido,Não,-2.0,2022,0
RA-730,10.0,8.3,8.2,,5.0,8.8,8.25,7.9,Não atendido,Não,-2.0,2022,1
RA-730,10.0,7.8,8.7,9.53,5.0,5.02,8.67,7.9,,,,2023,0
RA-730,8.0,9.5,7.15,9.17,10.0,6.89,8.67,7.9,,,,2024,0
RA-731,9.0,7.3,8.5,,5.0,6.9,7.08,7.15,Requer avaliação,Não,-2.0,2022,1
RA-731,8.5,6.8,7.6,7.5,5.0,3.14,7.45,7.15,,,,2023,1
RA-731,9.5,2.5,4.19,5.78,5.0,4.38,4.84,7.15,,,,2024,0
RA-732,9.0,7.2,7.9,,5.0,8.8,7.5,7.35,Não atendido,Não,-1.0,2022,0
RA-733,9.5,5.1,8.5,,5.0,5.6,6.92,6.68,Sem limitações,Não,-1.0,2022,0
RA-733,10.0,6.2,8.7,8.33,10.0,7.52,8.89,6.68,,,,2023,0
RA-733,10.0,9.25,10.0,8.91,5.0,7.51,9.09,6.68,,,,2024,0
RA-734,9.5,7.3,7.2,,5.0,5.6,7.42,6.95,Sem limitações,Não,-2.0,2022,1
RA-734,8.5,6.9,8.0,7.34,5.0,7.52,7.45,6.95,,,,2023,0
RA-735,9.0,7.3,9.0,,5.0,5.6,8.58,7.49,Sem limitações,Sim,-2.0,2022,0
RA-735,0.0,8.1,9.0,8.33,5.0,7.52,8.39,7.49,,,,2023,1
RA-735,8.0,8.0,9.78,7.66,5.0,6.26,7.71,7.48,,,,2024,0
RA-736,9.0,5.4,8.5,,5.0,5.6,7.0,6.71,Sem limitações,Não,-2.0,2022,0
RA-736,8.5,6.7,9.5,7.71,5.0,6.27,8.11,6.71,,,,2023,0
RA-737,9.5,9.0,9.2,,5.0,5.6,9.17,8.06,Sem limitações,Sim,-1.0,2022,1
RA-737,9.5,7.5,7.8,7.29,10.0,7.52,7.78,8.06,,,,2023,0
RA-737,8.5,9.25,8.65,7.5,10.0,6.89,8.0,8.06,,,,2024,0
RA-738,8.5,5.7,8.1,,10.0,5.6,7.5,7.23,Sem limitações,Não,0.0,2022,0
RA-738,8.0,6.0,9.3,8.44,10.0,7.52,8.34,7.23,,,,2023,0
RA-738,10.0,7.25,7.29,6.88,5.0,6.89,7.39,7.23,,,,2024,0
RA-739,6.4,5.9,7.3,,10.0,5.6,7.08,6.82,Sem limitações,Não,0.0,2022,0
RA-739,9.0,7.6,8.3,6.25,5.0,7.52,8.25,6.82,,,,2023,0
RA-74,9.6,2.0,3.3,,5.0,7.5,5.83,4.99,Não atendido,Não,-1.0,2022,0
RA-740,8.5,7.2,9.0,,5.0,5.6,7.5,7.22,Sem limitações,Não,-1.0,2022,0
RA-740,0.0,9.1,8.7,6.88,5.0,7.52,8.93,7.22,,,,2023,1
RA-740,9.0,8.0,9.56,8.54,5.0,7.51,8.22,7.22,,,,2024,0
RA-741,9.5,6.3,8.4,,5.0,5.6,7.42,6.9,Sem limitações,Não,-2.0,2022,1
RA-741,9.5,5.1,6.9,5.63,5.0,4.39,7.1,6.9,,,,2023,1
RA-741,8.42,3.75,5.3,5.83,5.0,5.01,4.22,6.9,,,,2024,0
RA-742,8.5,7.3,8.7,,5.0,5.0,7.5,7.1,Sem limitações,Não,-1.0,2022,0
RA-742,0.0,7.5,7.6,7.5,5.0,7.52,10.01,7.1,,,,2023,0
RA-743,10.0,4.8,7.9,,5.0,5.6,7.5,6.67,Sem limitações,Não,-1.0,2022,0
RA-743,0.0,7.1,9.1,7.5,5.0,3.77,9.01,6.67,,,,2023,1
RA-743,9.0,7.0,9.27,7.5,5.0,7.51,7.5,6.67,,,,2024,0
RA-744,9.5,6.2,9.7,,10.0,5.6,7.5,7.74,Sem limitações,Não,0.0,2022,0
RA-745,9.0,8.1,8.5,,5.0,5.6,7.75,7.38,Sem limitações,Não,-1.0,2022,1
RA-745,9.5,7.0,9.3,8.13,5.0,3.77,8.89,7.38,,,,2023,0
RA-745,9.0,8.5,10.0,7.5,10.0,6.26,8.17,7.38,,,,2024,0
RA-746,8.0,7.2,9.1,,10.0,5.6,7.42,7.66,Sem limitações,Não,0.0,2022,0
RA-746,0.0,7.2,8.0,6.88,10.0,3.77,7.11,7.66,,,,2023,0
RA-746,8.5,8.0,7.43,7.5,10.0,7.51,7.33,7.66,,,,2024,0
RA-747,10.0,8.8,7.6,,5.0,7.5,7.92,7.68,Não atendido,Não,-2.0,2022,1
RA-747,10.0,3.1,8.0,6.04,5.0,3.14,6.94,7.68,,,,2023,1
RA-747,10.0,2.25,8.1,7.08,5.0,5.01,5.34,7.68,,,,2024,0
RA-748,10.0,9.1,9.0,,5.0,7.5,8.25,8.08,Não atendido,Não,-1.0,2022,0
RA-748,9.5,9.1,9.7,7.5,5.0,7.52,10.01,8.08,,,,2023,1
RA-748,9.5,7.75,10.0,8.75,5.0,7.51,8.01,8.08,,,,2024,0
RA-749,9.5,8.8,7.7,,5.0,7.5,7.25,7.48,Não atendido,Não,-1.0,2022,1
RA-749,10.0,7.3,9.0,5.63,5.0,7.52,8.43,7.48,,,,2023,0
RA-749,9.5,8.75,9.74,8.44,5.0,8.13,7.67,7.48,,,,2024,0
RA-75,5.4,0.0,3.8,,5.0,6.3,4.63,3.92,Sem limitações,Não,-1.0,2022,0
RA-750,9.5,6.8,8.9,,5.0,4.4,5.17,6.34,Não indicado,Não,-2.0,2022,1
RA-750,9.5,3.4,7.7,4.38,5.0,3.14,6.32,6.34,,,,2023,0
RA-750,6.25,3.75,5.94,4.06,5.0,4.38,3.18,6.34,,,,2024,0
RA-751,8.5,3.8,5.8,,5.0,7.5,6.17,5.25,Não atendido,Não,-2.0,2022,0
RA-752,10.0,9.5,9.0,,5.0,7.5,8.42,8.2,Não atendido,Sim,-2.0,2022,1
RA-752,9.5,6.4,9.9,7.66,5.0,7.52,9.23,8.2,,,,2023,1
RA-752,9.5,5.75,7.53,5.94,5.0,7.51,5.61,8.2,,,,2024,0
RA-753,9.5,9.1,8.6,,10.0,7.5,8.42,8.48,Não atendido,Sim,0.0,2022,1
RA-753,9.0,9.0,9.9,7.5,5.0,7.52,9.93,8.48,,,,2023,1
RA-753,10.0,8.5,9.05,8.33,5.0,7.51,8.26,8.48,,,,2024,0
RA-754,10.0,7.9,5.8,,5.0,4.4,6.92,6.6,Não indicado,Não,-1.0,2022,1
RA-754,9.5,5.6,6.1,6.88,5.0,2.52,6.67,6.6,,,,2023,0
RA-754,8.5,6.25,6.25,2.5,5.0,5.63,4.75,6.6,,,,2024,0
RA-755,9.5,9.5,9.2,,10.0,6.9,8.08,8.57,Não atendido,Não,0.0,2022,1
RA-755,10.0,9.2,9.5,7.5,5.0,7.52,10.01,8.57,,,,2023,0
RA-755,10.0,9.75,10.0,9.06,5.0,7.51,9.09,8.57,,,,2024,0
RA-756,10.0,5.7,7.9,,5.0,7.5,7.25,6.98,Não atendido,Não,-1.0,2022,0
RA-756,10.0,6.1,8.7,5.63,5.0,7.52,6.59,6.98,,,,2023,1
RA-756,10.0,5.5,8.75,8.13,5.0,7.51,7.24,6.98,,,,2024,0
RA-757,9.5,9.7,9.3,,5.0,7.5,8.5,8.26,Não atendido,Sim,-1.0,2022,1
RA-757,9.0,9.3,9.6,7.5,5.0,7.52,10.01,8.26,,,,2023,1
RA-757,9.5,7.0,9.29,8.13,5.0,7.51,8.34,8.26,,,,2024,0
RA-758,9.0,8.1,9.1,,5.0,7.5,8.33,7.91,Não atendido,Não,-1.0,2022,0
RA-759,9.0,7.5,8.6,,5.0,7.5,7.83,7.56,Não atendido,Não,-2.0,2022,0
RA-76,10.0,8.7,9.1,,10.0,8.1,9.29,9.11,Sem limitações,Sim,0.0,2022,0
RA-76,10.0,,,,10.0,2.52,,9.11,,,,2023,0
RA-76,10.0,7.07,9.0,7.5,10.0,6.89,7.5,9.11,,,,2024,0
RA-760,9.0,8.8,9.2,,5.0,7.5,8.92,8.17,Não atendido,Sim,-2.0,2022,1
RA-760,0.0,6.3,8.8,7.08,5.0,7.52,7.84,8.17,,,,2023,1
RA-760,9.17,5.0,7.09,6.25,10.0,7.51,6.16,8.17,,,,2024,0
RA-761,10.0,8.2,9.4,,5.0,7.5,8.25,8.06,Não atendido,Não,-1.0,2022,0
RA-761,9.0,8.4,9.7,8.33,5.0,7.52,8.12,8.06,,,,2023,1
RA-761,8.5,7.25,8.86,8.75,10.0,6.26,8.0,8.06,,,,2024,0
RA-762,10.0,6.7,9.7,,2.5,7.5,7.08,7.28,Não atendido,Não,-3.0,2022,1
RA-762,10.0,5.8,9.1,7.81,5.0,3.14,7.67,7.28,,,,2023,1
RA-762,10.0,3.75,6.42,6.56,5.0,6.26,5.75,7.28,,,,2024,0
RA-763,9.5,6.5,9.7,,5.0,7.5,7.17,7.4,Não atendido,Não,-2.0,2022,0
RA-763,0.0,7.9,9.2,6.88,5.0,3.14,9.0,7.4,,,,2023,1
RA-763,9.0,5.25,8.86,7.71,5.0,6.26,6.83,7.4,,,,2024,0
RA-764,9.0,7.5,8.8,,10.0,7.5,7.67,8.0,Não atendido,Não,0.0,2022,0
RA-764,0.0,7.8,9.2,8.28,10.0,7.52,8.56,8.0,,,,2023,1
RA-764,8.0,6.0,7.88,8.44,10.0,7.51,8.34,8.0,,,,2024,0
RA-765,8.5,4.3,9.3,,5.0,7.5,7.42,6.9,Não atendido,Não,-1.0,2022,0
RA-766,10.0,8.7,9.5,,5.0,7.5,8.33,8.19,Não atendido,Não,-2.0,2022,0
RA-766,10.0,8.7,8.7,9.22,5.0,4.39,8.34,8.19,,,,2023,0
RA-767,9.5,7.0,9.0,,5.0,7.5,7.58,7.51,Não atendido,Não,-2.0,2022,1
RA-767,10.0,6.3,8.3,7.29,5.0,7.52,7.45,7.51,,,,2023,0
RA-767,9.5,8.25,9.05,8.54,5.0,7.51,8.09,7.51,,,,2024,0
RA-768,9.0,7.1,10.0,,5.0,7.5,7.58,7.65,Não atendido,Não,-2.0,2022,0
RA-768,10.0,7.9,9.1,7.5,5.0,7.52,10.01,7.65,,,,2023,1
RA-768,9.0,5.5,7.98,8.13,5.0,6.26,7.5,7.65,,,,2024,0
RA-769,10.0,7.9,7.5,,5.0,7.5,8.5,7.6,Não avaliado,Sim,-1.0,2022,0
RA-769,10.0,8.0,9.3,7.81,5.0,3.77,8.68,7.6,,,,2023,1
RA-769,10.0,6.0,5.95,7.92,5.0,7.51,8.33,7.6,,,,2024,0
RA-77,7.1,0.7,2.7,,5.0,5.0,4.63,3.85,Não indicado,Não,-1.0,2022,0
RA-770,9.5,8.3,8.9,,10.0,7.5,7.33,8.14,Não avaliado,Não,0.0,2022,1
RA-770,0.0,5.9,8.3,6.88,10.0,3.77,8.92,8.14,,,,2023,1
RA-770,10.0,5.0,9.02,7.5,5.0,7.51,7.5,8.14,,,,2024,0
RA-771,10.0,7.0,8.3,,10.0,7.5,7.5,7.87,Não avaliado,Não,0.0,2022,0
RA-771,0.0,8.2,8.8,6.25,10.0,3.14,8.59,7.87,,,,2023,1
RA-771,8.5,6.5,6.62,5.63,5.0,3.14,6.08,7.87,,,,2024,0
RA-772,9.0,9.2,5.4,,5.0,7.5,7.25,6.99,Não avaliado,Não,-2.0,2022,1
RA-772,0.0,4.8,7.2,6.88,5.0,7.52,8.0,6.99,,,,2023,0
RA-773,10.0,8.1,6.8,,5.0,5.0,7.08,6.92,Não indicado,Não,-1.0,2022,1
RA-773,10.0,7.9,7.5,5.63,5.0,2.52,7.67,6.92,,,,2023,1
RA-773,10.0,5.0,8.75,7.5,5.0,2.51,6.58,6.92,,,,2024,0
RA-774,10.0,6.1,7.8,,10.0,7.5,7.42,7.59,Não avaliado,Não,0.0,2022,0
RA-774,0.0,6.9,9.5,5.0,5.0,3.14,6.34,7.59,,,,2023,1
RA-774,10.0,3.75,6.39,6.25,5.0,2.51,6.41,7.59,,,,2024,0
RA-775,7.9,5.7,5.7,,5.0,4.4,6.42,5.79,Não indicado,Não,-2.0,2022,0
RA-776,0.0,1.7,4.3,,5.0,4.4,6.33,3.9,Requer avaliação,Não,-1.0,2022,0
RA-776,0.0,3.5,7.0,7.81,5.0,7.52,7.22,3.9,,,,2023,1
RA-776,7.92,0.0,5.95,8.33,5.0,5.63,6.5,3.9,,,,2024,0
RA-777,8.0,5.3,7.7,,10.0,7.5,7.0,7.1,Não atendido,Não,0.0,2022,0
RA-777,0.0,6.3,9.3,8.28,10.0,7.52,8.84,7.1,,,,2023,1
RA-777,8.0,4.5,8.78,8.13,10.0,7.51,7.72,7.1,,,,2024,0
RA-778,10.0,7.1,6.7,,5.0,7.5,8.83,7.43,Não atendido,Sim,-1.0,2022,0
RA-778,8.5,8.2,7.9,8.91,5.0,7.52,8.62,7.43,,,,2023,1
RA-778,10.0,7.0,8.12,7.5,10.0,7.51,7.75,7.43,,,,2024,0
RA-779,9.5,2.6,5.0,,5.0,7.5,7.08,5.7,Não atendido,Não,-2.0,2022,0
RA-78,8.3,7.2,6.6,,5.0,5.6,8.0,7.04,Requer avaliação,Não,-2.0,2022,1
RA-78,0.0,6.7,7.7,8.28,5.0,6.26,8.0,7.04,,,,2023,0
RA-78,8.75,7.5,8.03,8.44,10.0,8.76,7.39,7.04,,,,2024,0
RA-780,8.0,6.9,7.6,,5.0,7.5,7.17,6.96,Não atendido,Não,-1.0,2022,0
RA-780,9.5,8.3,8.8,8.75,5.0,3.14,8.68,6.96,,,,2023,1
RA-780,9.5,6.0,10.0,8.96,5.0,5.63,8.17,6.95,,,,2024,0
RA-781,10.0,8.3,8.9,,5.0,7.5,7.75,7.79,Não atendido,Não,-1.0,2022,1
RA-781,7.5,7.9,9.8,8.44,5.0,7.52,9.12,7.79,,,,2023,1
RA-781,8.0,7.25,9.75,8.44,10.0,7.51,8.51,7.79,,,,2024,0
RA-782,9.5,6.0,8.4,,10.0,7.5,7.0,7.49,Não atendido,Não,0.0,2022,0
RA-782,8.5,7.5,9.8,7.5,5.0,2.52,9.35,7.49,,,,2023,0
RA-782,9.5,7.75,7.86,7.5,10.0,7.51,8.09,7.48,,,,2024,0
RA-783,9.5,6.0,5.8,,10.0,7.5,6.92,7.0,Não atendido,Não,0.0,2022,0
RA-783,9.5,8.9,6.8,7.5,5.0,3.77,7.93,7.0,,,,2023,0
RA-784,9.5,8.2,10.0,,5.0,7.5,9.25,8.34,Não atendido,Sim,-1.0,2022,1
RA-784,10.0,7.3,9.5,8.13,5.0,7.52,8.78,8.34,,,,2023,0
RA-784,8.0,8.75,9.77,9.38,10.0,5.64,9.4,8.34,,,,2024,0
RA-785,9.0,8.4,8.6,,5.0,7.5,7.67,7.64,Não atendido,Não,-1.0,2022,0
RA-785,9.0,8.8,8.5,7.92,5.0,7.52,8.67,7.64,,,,2023,0
RA-785,9.5,9.0,10.0,8.75,10.0,7.51,8.89,7.64,,,,2024,0
RA-786,9.0,6.1,9.5,,5.0,5.6,7.17,7.0,Não indicado,Não,-2.0,2022,0
RA-787,8.5,3.4,9.5,,10.0,7.5,7.25,7.21,Não atendido,Não,0.0,2022,0
RA-787,9.0,5.9,9.8,5.63,5.0,7.52,8.34,7.21,,,,2023,0
RA-787,9.0,7.25,9.75,7.19,5.0,7.51,7.33,7.21,,,,2024,0
RA-788,10.0,8.0,9.3,,10.0,5.6,8.67,8.26,Requer avaliação,Sim,0.0,2022,1
RA-788,7.9,6.9,9.8,7.66,10.0,2.52,8.28,8.26,,,,2023,1
RA-788,8.42,5.75,9.52,8.44,10.0,6.26,7.78,8.26,,,,2024,0
RA-789,9.0,4.2,9.4,,10.0,7.5,7.42,7.41,Não atendido,Não,0.0,2022,0
RA-789,0.0,7.9,9.5,7.5,10.0,7.52,10.01,7.41,,,,2023,1
RA-789,9.0,5.25,9.05,9.17,10.0,7.51,8.09,7.41,,,,2024,0
RA-79,5.4,8.9,6.3,,5.0,5.6,7.29,6.85,Requer avaliação,Não,-1.0,2022,1
RA-79,5.8,7.6,6.2,7.81,5.0,5.0,7.59,6.85,,,,2023,0
RA-790,9.0,7.8,8.9,,5.0,7.5,7.42,7.5,Não atendido,Não,-2.0,2022,1
RA-790,0.0,7.4,8.1,7.08,5.0,7.52,8.29,7.5,,,,2023,1
RA-790,7.5,6.75,6.81,7.19,5.0,7.51,6.88,7.5,,,,2024,0
RA-791,9.5,6.5,8.7,,5.0,7.5,8.5,7.51,Não atendido,Sim,-2.0,2022,1
RA-791,0.0,5.3,8.1,7.81,5.0,7.52,7.72,7.51,,,,2023,0
RA-792,9.5,6.2,8.0,,5.0,7.5,7.17,7.03,Não atendido,Não,-1.0,2022,0
RA-792,9.0,7.2,7.7,6.88,5.0,7.52,9.09,7.03,,,,2023,1
RA-792,8.5,3.25,5.29,8.13,5.0,7.51,7.08,7.03,,,,2024,0
RA-793,9.5,6.0,7.6,,5.0,7.5,7.33,6.89,Não atendido,Não,-2.0,2022,0
RA-794,9.5,4.1,8.9,,10.0,7.5,7.33,7.34,Não atendido,Não,0.0,2022,0
RA-794,9.0,6.2,9.2,7.5,5.0,7.52,10.01,7.34,,,,2023,1
RA-794,9.5,3.0,6.9,8.13,10.0,7.51,8.26,7.33,,,,2024,0
RA-795,9.0,7.3,9.7,,10.0,7.5,7.33,8.06,Não atendido,Não,0.0,2022,0
RA-795,9.0,8.2,9.6,7.5,5.0,7.52,10.01,8.06,,,,2023,0
RA-795,9.5,9.5,9.76,8.96,5.0,6.26,8.09,8.06,,,,2024,0
RA-796,9.5,5.4,9.3,,5.0,7.5,7.67,7.23,Não atendido,Não,-2.0,2022,0
RA-796,9.0,5.5,9.8,7.08,5.0,6.27,8.34,7.23,,,,2023,1
RA-796,8.5,5.25,8.22,7.92,5.0,7.51,7.33,7.23,,,,2024,0
RA-797,9.0,7.3,8.5,,5.0,7.5,7.5,7.22,Não atendido,Não,-2.0,2022,0
RA-797,8.5,7.5,8.6,6.04,5.0,7.52,7.23,7.22,,,,2023,1
RA-797,9.17,7.25,4.84,6.67,5.0,7.51,6.72,7.22,,,,2024,0
RA-798,8.0,6.3,8.3,,5.0,7.5,7.67,7.05,Não atendido,Não,-2.0,2022,1
RA-798,9.0,6.1,8.1,6.46,5.0,7.52,6.95,7.05,,,,2023,1
RA-798,6.83,4.75,3.51,5.0,5.0,7.51,2.94,7.05,,,,2024,0
RA-799,8.0,7.8,9.6,,5.0,7.5,7.92,7.68,Não atendido,Não,-2.0,2022,0
RA-799,9.5,8.3,9.6,8.33,5.0,5.64,8.17,7.68,,,,2023,1
RA-799,7.92,5.25,9.09,7.92,10.0,7.51,7.5,7.68,,,,2024,0
RA-8,7.1,1.6,4.6,,5.0,6.3,6.28,4.79,Requer avaliação,Não,-1.0,2022,0
RA-80,9.2,7.1,8.3,,5.0,5.0,7.63,7.29,Requer avaliação,Não,-1.0,2022,1
RA-80,8.3,6.3,8.4,7.97,5.0,6.89,7.47,7.29,,,,2023,0
RA-80,8.75,7.0,7.9,8.75,10.0,8.13,7.95,7.29,,,,2024,0
RA-800,8.0,6.1,5.4,,10.0,7.5,7.5,6.82,Não atendido,Não,0.0,2022,0
RA-801,7.0,6.8,6.6,,5.0,7.5,7.5,6.64,Não atendido,Não,-1.0,2022,0
RA-801,0.0,7.6,7.5,6.88,10.0,7.52,7.12,6.64,,,,2023,0
RA-801,9.0,8.0,5.75,6.25,5.0,7.51,5.75,6.64,,,,2024,0
RA-802,9.0,8.3,9.0,,5.0,7.5,8.33,7.83,Não atendido,Não,-1.0,2022,0
RA-802,8.0,9.4,9.3,8.33,5.0,7.52,7.51,7.83,,,,2023,1
RA-802,7.5,8.75,7.01,8.33,10.0,7.51,6.72,7.83,,,,2024,0
RA-803,10.0,6.3,7.2,,5.0,7.5,7.42,6.98,Sem limitações,Não,-2.0,2022,0
RA-804,10.0,4.8,8.4,,5.0,6.3,7.67,6.85,Não atendido,Não,-2.0,2022,0
RA-804,10.0,6.9,8.6,5.83,5.0,6.27,7.17,6.85,,,,2023,0
RA-805,9.5,8.8,9.0,,10.0,7.5,7.33,8.28,Sem limitações,Não,0.0,2022,1
RA-805,0.0,6.8,9.1,6.25,5.0,7.52,7.18,8.28,,,,2023,1
RA-805,8.5,6.0,9.52,7.03,5.0,4.38,6.71,8.28,,,,2024,0
RA-806,9.5,6.6,7.3,,10.0,7.5,7.92,7.56,Sem limitações,Não,0.0,2022,0
RA-806,8.5,7.8,8.3,6.88,5.0,6.27,7.1,7.56,,,,2023,1
RA-806,8.5,6.75,6.9,7.66,5.0,7.51,6.88,7.56,,,,2024,0
RA-807,9.5,9.0,8.7,,10.0,6.3,7.5,8.12,Sem limitações,Não,0.0,2022,1
RA-807,9.5,8.0,9.1,6.25,5.0,7.52,8.08,8.12,,,,2023,1
RA-807,9.0,7.0,7.86,7.5,10.0,7.51,7.13,8.12,,,,2024,0
RA-808,10.0,9.3,9.1,,10.0,6.3,8.0,8.36,Sem limitações,Não,0.0,2022,1
RA-808,10.0,8.7,10.0,7.5,5.0,2.52,9.76,8.36,,,,2023,0
RA-808,9.0,8.75,10.0,8.13,10.0,7.51,7.88,8.36,,,,2024,0
RA-809,10.0,6.3,6.6,,10.0,6.3,7.42,7.26,Sem limitações,Não,0.0,2022,0
RA-81,9.2,6.0,9.2,,10.0,5.0,7.46,7.68,Requer avaliação,Não,1.0,2022,0
RA-81,9.6,6.3,8.8,7.81,10.0,2.52,7.21,7.68,,,,2023,0
RA-81,9.17,7.5,9.33,7.88,10.0,6.26,7.8,7.67,,,,2024,0
RA-810,8.5,9.6,9.1,,10.0,5.0,7.25,7.89,Não indicado,Não,0.0,2022,1
RA-810,8.0,6.9,8.5,5.83,10.0,7.52,7.84,7.89,,,,2023,0
RA-810,7.5,9.0,9.47,6.46,5.0,5.64,7.75,7.89,,,,2024,0
RA-811,8.9,7.3,5.7,,5.0,5.6,7.67,6.58,Sem limitações,Não,-1.0,2022,0
RA-812,9.0,7.4,8.1,,10.0,5.6,7.33,7.5,Sem limitações,Não,0.0,2022,1
RA-812,9.5,5.8,9.1,6.88,10.0,7.52,8.33,7.5,,,,2023,0
RA-813,9.5,6.0,6.5,,10.0,6.9,7.42,7.09,Sem limitações,Não,0.0,2022,1
RA-813,9.5,3.9,8.4,8.13,10.0,7.52,8.06,7.09,,,,2023,0
RA-814,8.9,7.5,9.0,,5.0,6.9,8.42,7.59,Requer avaliação,Sim,-1.0,2022,0
RA-814,9.5,8.2,9.6,8.33,5.0,6.89,9.23,7.59,,,,2023,1
RA-814,7.42,7.5,9.09,7.5,10.0,7.51,7.05,7.59,,,,2024,0
RA-815,10.0,6.5,7.9,,5.0,5.6,7.0,6.81,Requer avaliação,Não,-1.0,2022,0
RA-815,0.0,6.5,8.6,6.88,5.0,5.02,7.06,6.81,,,,2023,0
RA-816,10.0,9.6,9.3,,5.0,7.5,9.42,8.51,Sem limitações,Sim,-1.0,2022,1
RA-816,7.5,8.9,9.8,9.58,5.0,7.52,9.28,8.51,,,,2023,0
RA-816,7.0,9.25,9.77,9.17,10.0,7.51,8.79,8.51,,,,2024,0
RA-817,10.0,7.1,8.7,,10.0,6.3,7.42,7.82,Requer avaliação,Não,0.0,2022,1
RA-817,9.5,5.4,8.8,8.13,10.0,6.89,7.89,7.82,,,,2023,0
RA-818,9.5,6.2,7.3,,10.0,7.5,7.5,7.48,Sem limitações,Não,0.0,2022,0
RA-818,10.0,6.2,8.4,8.13,10.0,7.52,7.61,7.48,,,,2023,0
RA-819,10.0,7.3,7.9,,10.0,7.5,7.33,7.74,Sem limitações,Não,0.0,2022,0
RA-819,0.0,9.5,8.3,8.54,10.0,7.52,8.89,7.74,,,,2023,1
RA-819,10.0,9.0,7.78,8.44,10.0,7.51,8.5,7.74,,,,2024,0
RA-82,8.8,5.5,6.8,,5.0,7.5,6.42,6.6,Não atendido,Não,-2.0,2022,0
RA-820,9.5,6.0,10.0,,5.0,6.9,7.58,7.42,Sem limitações,Não,-1.0,2022,0
RA-820,7.9,8.9,7.4,9.06,5.0,7.52,8.28,7.42,,,,2023,1
RA-820,10.0,6.25,6.57,8.33,10.0,7.51,6.39,7.42,,,,2024,0
RA-821,9.0,4.6,7.0,,5.0,7.5,6.92,6.34,Não atendido,Não,-2.0,2022,1
RA-821,8.5,4.25,5.92,6.67,10.0,7.51,6.71,6.34,,,,2024,0
RA-822,8.0,6.1,8.4,,5.0,7.5,7.08,6.92,Não atendido,Não,-2.0,2022,0
RA-822,8.5,7.1,8.4,5.63,5.0,2.52,5.93,6.92,,,,2023,1
RA-822,0.0,6.75,4.62,6.67,5.0,5.01,6.61,6.92,,,,2024,0
RA-823,10.0,2.8,6.0,,5.0,7.5,7.17,5.99,Não atendido,Não,-2.0,2022,0
RA-824,10.0,6.0,4.4,,10.0,6.9,7.33,6.8,Sem limitações,Não,0.0,2022,0
RA-825,7.5,7.6,8.2,,5.0,6.9,7.92,7.25,Sem limitações,Não,-1.0,2022,0
RA-826,9.5,5.4,9.6,,10.0,7.5,7.5,7.78,Não atendido,Não,0.0,2022,0
RA-826,10.0,7.3,10.0,7.81,5.0,3.77,8.34,7.78,,,,2023,1
RA-826,10.0,6.75,10.0,7.5,5.0,6.26,8.59,7.78,,,,2024,0
RA-827,9.5,7.6,7.0,,5.0,7.5,8.67,7.41,Não atendido,Sim,-2.0,2022,0
RA-827,7.9,8.1,8.1,8.28,5.0,3.14,8.73,7.41,,,,2023,1
RA-827,10.0,7.25,9.78,7.66,10.0,5.01,7.88,7.41,,,,2024,0
RA-828,9.5,6.9,7.1,,5.0,7.5,7.83,7.14,Não atendido,Não,-1.0,2022,0
RA-829,9.0,7.8,8.6,,10.0,7.5,7.5,8.0,Não atendido,Não,0.0,2022,0
RA-829,9.0,8.4,9.4,9.22,10.0,3.14,9.23,8.0,,,,2023,1
RA-829,9.5,8.0,9.75,8.91,10.0,9.38,9.22,8.0,,,,2024,0
RA-83,7.9,6.8,6.8,,5.0,7.5,5.96,6.67,Não atendido,Não,-2.0,2022,0
RA-830,10.0,6.0,8.6,,5.0,7.5,7.5,7.23,Não atendido,Não,-1.0,2022,0
RA-830,0.0,8.3,8.9,6.25,5.0,3.14,9.51,7.23,,,,2023,1
RA-830,9.0,6.75,7.62,8.33,5.0,5.63,7.34,7.23,,,,2024,0
RA-831,9.5,7.2,9.2,,5.0,7.5,7.17,7.41,Não atendido,Não,-1.0,2022,0
RA-831,8.0,8.3,9.4,7.81,5.0,3.77,8.59,7.41,,,,2023,1
RA-831,10.0,7.75,9.52,7.92,5.0,6.26,8.17,7.41,,,,2024,0
RA-832,10.0,8.8,9.2,,5.0,7.5,8.83,8.18,Não atendido,Sim,-1.0,2022,1
RA-832,10.0,8.5,9.5,7.71,5.0,7.52,8.28,8.18,,,,2023,1
RA-832,9.0,8.0,8.7,7.5,10.0,7.51,7.5,8.18,,,,2024,0
RA-833,10.0,7.8,9.5,,5.0,7.5,7.58,7.79,Não atendido,Não,-1.0,2022,1
RA-833,10.0,7.4,9.5,8.44,5.0,3.77,8.56,7.79,,,,2023,0
RA-833,9.0,8.0,9.33,8.13,10.0,7.51,7.95,7.79,,,,2024,0
RA-834,9.0,9.0,9.0,,5.0,7.5,9.08,8.14,Não atendido,Sim,-1.0,2022,0
RA-834,9.0,9.2,9.9,9.69,5.0,6.27,9.28,8.14,,,,2023,1
RA-834,8.0,8.75,9.11,7.71,10.0,6.26,8.72,8.14,,,,2024,0
RA-835,6.9,7.5,7.3,,10.0,7.5,6.67,7.26,Não atendido,Não,0.0,2022,0
RA-835,8.0,8.7,8.5,6.88,10.0,7.52,7.84,7.26,,,,2023,0
RA-836,8.5,9.2,8.3,,5.0,7.5,7.58,7.67,Não atendido,Não,-1.0,2022,1
RA-836,9.5,6.7,9.6,6.88,5.0,6.27,8.09,7.67,,,,2023,1
RA-836,9.5,2.75,6.44,7.34,5.0,7.51,6.25,7.66,,,,2024,0
RA-837,8.5,8.8,9.0,,10.0,7.5,7.5,8.21,Não atendido,Não,0.0,2022,1
RA-837,9.0,7.0,9.3,7.92,10.0,7.52,7.84,8.21,,,,2023,1
RA-837,7.5,6.75,9.78,7.03,10.0,6.89,7.58,8.21,,,,2024,0
RA-838,10.0,6.3,7.4,,5.0,7.5,9.42,7.46,Não atendido,Sim,-1.0,2022,0
RA-839,0.0,5.4,5.1,,5.0,7.5,6.58,5.2,Não atendido,Não,-1.0,2022,0
RA-84,7.1,5.8,8.8,,5.0,5.0,6.75,6.68,Requer avaliação,Não,-2.0,2022,0
RA-84,0.0,6.0,8.8,7.81,5.0,2.52,7.67,6.68,,,,2023,0
RA-840,9.0,7.8,8.2,,10.0,7.5,7.5,7.88,Não atendido,Não,0.0,2022,0
RA-840,9.5,8.2,9.0,7.5,5.0,4.38,8.59,7.88,,,,2023,1
RA-840,9.5,8.0,9.34,8.33,10.0,7.51,7.95,7.87,,,,2024,0
RA-841,8.5,7.2,8.5,,5.0,7.5,7.5,7.3,Não atendido,Não,-2.0,2022,1
RA-841,0.0,6.9,7.2,7.5,5.0,7.52,9.84,7.3,,,,2023,1
RA-841,10.0,3.25,6.33,7.03,5.0,7.51,5.83,7.3,,,,2024,0
RA-842,7.5,9.1,8.3,,10.0,7.5,8.25,7.95,Não atendido,Não,0.0,2022,1
RA-842,9.0,7.9,8.5,5.63,5.0,3.77,8.01,7.95,,,,2023,1
RA-842,8.5,7.5,7.55,6.88,5.0,6.26,7.0,7.95,,,,2024,0
RA-843,8.5,9.2,9.0,,10.0,7.5,8.42,8.54,Não atendido,Sim,0.0,2022,0
RA-844,0.0,5.9,5.0,,10.0,8.1,8.33,6.25,Não atendido,Não,0.0,2022,0
RA-845,10.0,8.7,8.8,,10.0,7.5,8.42,8.49,Não atendido,Sim,0.0,2022,0
RA-846,9.0,5.9,7.2,,10.0,7.5,7.92,7.41,Não atendido,Não,0.0,2022,0
RA-846,9.5,6.0,8.2,5.63,10.0,3.77,8.67,7.41,,,,2023,0
RA-847,7.9,7.7,8.2,,5.0,4.4,7.42,6.84,Sem limitações,Não,-1.0,2022,1
RA-847,7.9,7.6,9.1,5.0,5.0,2.52,5.84,6.84,,,,2023,1
RA-847,9.0,1.0,4.55,7.5,5.0,5.01,6.25,6.84,,,,2024,0
RA-848,9.5,9.0,7.0,,5.0,7.5,7.83,7.49,Não atendido,Não,-1.0,2022,0
RA-849,8.5,9.1,8.3,,5.0,7.5,7.42,7.37,Não atendido,Não,-1.0,2022,0
RA-85,6.7,4.3,7.3,,10.0,5.0,5.83,6.24,Requer avaliação,Não,0.0,2022,0
RA-85,8.8,5.7,8.9,5.94,5.0,6.27,7.84,6.24,,,,2023,0
RA-85,8.33,7.67,8.67,6.25,5.0,3.76,6.99,6.24,,,,2024,0
RA-850,10.0,8.5,7.3,,10.0,7.5,7.17,7.64,Não atendido,Não,0.0,2022,1
RA-850,0.0,7.3,7.9,6.56,5.0,6.26,6.27,7.64,,,,2023,0
RA-850,10.0,7.75,9.27,7.5,5.0,6.26,7.92,7.64,,,,2024,0
RA-851,9.0,8.3,7.9,,10.0,7.5,6.58,7.52,Não atendido,Não,0.0,2022,1
RA-851,8.4,6.6,7.5,5.63,5.0,2.52,6.01,7.52,,,,2023,1
RA-851,9.0,6.0,7.32,5.63,5.0,5.63,5.11,7.52,,,,2024,0
RA-852,9.0,2.1,6.8,,10.0,5.0,5.5,5.67,Não indicado,Não,0.0,2022,0
RA-853,10.0,8.5,9.6,,10.0,7.5,8.5,8.62,Não atendido,Sim,0.0,2022,1
RA-853,10.0,7.4,9.5,6.25,5.0,3.77,9.84,8.62,,,,2023,1
RA-853,8.5,6.25,9.58,8.33,10.0,6.26,7.55,8.62,,,,2024,0
RA-854,8.0,9.3,9.0,,10.0,7.5,7.17,8.1,Não atendido,Não,0.0,2022,1
RA-854,0.0,6.0,9.5,5.63,10.0,3.77,8.01,8.1,,,,2023,0
RA-854,9.5,7.0,10.0,5.83,10.0,6.26,6.33,8.1,,,,2024,0
RA-855,10.0,9.7,9.6,,5.0,7.5,9.0,8.45,Não atendido,Sim,-1.0,2022,1
RA-855,9.5,6.8,10.0,8.44,10.0,7.52,8.67,8.45,,,,2023,0
RA-855,9.0,8.5,10.0,7.5,10.0,7.51,7.39,8.45,,,,2024,0
RA-856,10.0,8.4,9.1,,10.0,7.5,8.0,8.4,Não atendido,Não,0.0,2022,1
RA-856,0.0,7.3,9.6,5.63,10.0,7.52,8.26,8.4,,,,2023,0
RA-857,8.5,9.5,8.9,,5.0,7.5,9.08,8.15,Não atendido,Sim,-1.0,2022,1
RA-857,8.5,8.5,9.0,7.5,5.0,7.52,9.01,8.15,,,,2023,0
RA-858,10.0,7.7,7.1,,10.0,5.6,7.33,7.52,Requer avaliação,Não,0.0,2022,0
RA-858,0.0,9.3,8.1,8.13,10.0,3.77,7.95,7.52,,,,2023,1
RA-858,9.0,8.25,6.83,7.5,5.0,2.51,7.5,7.52,,,,2024,0
RA-859,8.5,8.9,8.7,,10.0,7.5,8.25,8.33,Não atendido,Não,0.0,2022,1
RA-859,8.0,7.3,9.2,7.5,10.0,7.52,10.01,8.33,,,,2023,0
RA-859,8.0,8.0,9.34,8.96,10.0,7.51,8.34,8.33,,,,2024,0
RA-86,7.5,6.7,9.6,,5.0,5.6,8.46,7.57,Sem limitações,Sim,-1.0,2022,0
RA-86,8.3,,,,10.0,6.89,,7.57,,,,2023,0
RA-86,6.67,5.48,9.7,7.5,10.0,6.57,7.5,7.57,,,,2024,0
RA-860,9.5,8.1,8.5,,10.0,7.5,7.75,8.14,Não atendido,Não,0.0,2022,1
RA-860,7.0,7.4,9.8,7.5,10.0,6.89,8.34,8.14,,,,2023,0
RA-860,9.0,8.5,9.79,8.75,10.0,7.51,7.95,8.14,,,,2024,0
RA-861,9.5,9.6,10.0,8.44,10.0,8.13,8.92,,,,,2023,0
RA-861,9.5,10.0,10.0,8.13,5.0,7.51,9.73,,,,,2024,0
RA-862,8.5,8.9,9.1,7.5,5.0,8.14,8.59,,,,,2023,1
RA-862,9.0,7.5,8.61,7.19,5.0,7.51,6.27,,,,,2024,0
RA-863,0.0,6.3,7.6,5.94,10.0,3.14,6.26,,,,,2023,1
RA-863,8.5,5.5,3.16,4.69,5.0,2.51,4.33,,,,,2024,0
RA-864,0.0,6.3,7.6,7.5,10.0,8.14,8.5,,,,,2023,0
RA-865,8.5,7.4,8.7,7.5,10.0,7.52,7.92,,,,,2023,0
RA-866,0.0,8.6,8.3,7.5,10.0,8.76,8.42,,,,,2023,0
RA-867,9.0,8.9,8.6,7.5,10.0,8.76,8.42,,,,,2023,1
RA-867,9.0,8.5,7.41,7.5,5.0,7.51,7.5,,,,,2024,0
RA-868,10.0,7.1,9.5,7.19,10.0,8.76,8.67,,,,,2023,1
RA-868,8.0,7.0,9.75,6.88,5.0,3.76,7.21,,,,,2024,0
RA-869,9.0,9.6,10.0,8.13,10.0,8.76,8.75,,,,,2023,0
RA-87,8.3,8.8,9.6,,10.0,7.5,8.5,8.71,Não atendido,Sim,0.0,2022,0
RA-87,7.5,9.3,10.0,8.13,10.0,5.63,8.39,8.71,,,,2023,1
RA-87,8.75,9.17,9.65,9.38,10.0,9.38,9.62,8.71,,,,2024,0
RA-870,0.0,1.5,8.5,5.0,5.0,8.76,5.17,,,,,2023,0
RA-871,9.0,6.9,9.5,4.38,5.0,3.76,6.84,,,,,2023,0
RA-871,8.5,7.25,9.33,5.31,10.0,4.38,5.78,,,,,2024,0
RA-872,0.0,4.3,6.7,6.25,5.0,2.52,8.5,,,,,2023,0
RA-873,8.5,7.0,9.7,6.25,5.0,7.52,8.67,,,,,2023,1
RA-873,8.0,6.75,10.0,7.19,5.0,6.88,7.77,,,,,2024,0
RA-874,0.0,4.8,8.2,6.25,5.0,7.52,6.67,,,,,2023,0
RA-874,9.5,7.75,4.7,8.75,5.0,6.26,7.92,,,,,2024,0
RA-875,9.5,7.3,9.5,7.5,5.0,7.52,9.85,,,,,2023,0
RA-876,10.0,7.5,9.4,7.5,10.0,7.52,8.84,,,,,2023,1
RA-876,8.5,3.75,9.05,8.33,10.0,7.51,8.09,,,,,2024,0
RA-877,9.5,6.9,9.5,5.0,5.0,7.52,7.5,,,,,2023,0
RA-878,0.0,8.1,9.5,5.0,5.0,2.52,7.34,,,,,2023,1
RA-878,9.0,6.75,6.14,7.19,5.0,4.38,7.0,,,,,2024,0
RA-879,0.0,8.2,9.8,6.88,5.0,2.52,8.92,,,,,2023,0
RA-879,9.5,8.5,9.09,7.81,5.0,6.26,8.67,,,,,2024,0
RA-88,7.1,6.5,9.2,,5.0,5.6,9.21,7.5,Sem limitações,Sim,-2.0,2022,0
RA-88,,,,,10.0,,,7.5,,,,2023,0
RA-88,,,0.0,,10.0,,,7.5,,,,2024,0
RA-880,0.0,6.3,9.4,6.25,10.0,2.52,8.59,,,,,2023,0
RA-880,9.5,6.5,8.45,7.19,5.0,2.51,7.22,,,,,2024,0
RA-881,10.0,7.3,8.9,5.0,10.0,7.52,6.25,,,,,2023,0
RA-882,9.0,4.7,8.6,3.75,10.0,2.52,4.16,,,,,2023,0
RA-883,9.5,8.4,9.7,6.25,10.0,6.89,8.17,,,,,2023,0
RA-884,9.0,8.8,9.7,6.88,10.0,4.39,8.66,,,,,2023,1
RA-884,10.0,8.75,8.82,7.5,5.0,6.26,8.22,,,,,2024,0
RA-885,9.0,8.7,9.8,7.5,10.0,7.52,8.67,,,,,2023,1
RA-885,8.5,8.5,10.0,7.5,5.0,7.51,8.28,,,,,2024,0
RA-886,8.5,8.1,9.4,7.5,10.0,7.52,9.0,,,,,2023,0
RA-886,9.5,8.75,10.0,7.5,5.0,8.13,8.28,,,,,2024,0
RA-887,8.9,8.4,8.9,7.5,10.0,7.52,9.09,,,,,2023,0
RA-888,9.0,8.8,10.0,7.5,10.0,7.52,8.83,,,,,2023,1
RA-888,9.0,8.5,10.0,7.5,5.0,6.88,8.28,,,,,2024,0
RA-889,8.5,9.1,9.5,7.5,10.0,6.89,9.0,,,,,2023,0
RA-889,8.5,9.75,9.3,7.5,5.0,6.26,8.28,,,,,2024,0
RA-89,9.6,5.9,7.8,,5.0,7.5,8.0,7.32,Não atendido,Não,-1.0,2022,1
RA-89,8.3,5.1,8.1,7.34,5.0,5.0,7.47,7.32,,,,2023,0
RA-890,0.0,8.3,9.1,6.25,10.0,2.52,8.16,,,,,2023,0
RA-891,9.5,7.5,9.5,7.5,5.0,6.89,8.0,,,,,2023,0
RA-891,10.0,8.75,9.05,7.5,5.0,6.26,8.0,,,,,2024,0
RA-892,8.0,8.3,9.6,7.5,10.0,6.89,10.01,,,,,2023,0
RA-892,8.0,8.75,10.0,8.13,10.0,7.51,7.92,,,,,2024,0
RA-893,9.5,9.3,10.0,7.5,5.0,7.52,10.01,,,,,2023,1
RA-893,9.0,9.25,10.0,8.13,10.0,7.51,7.89,,,,,2024,0
RA-894,9.5,9.4,9.9,7.5,5.0,7.52,10.01,,,,,2023,0
RA-894,10.0,9.5,10.0,8.44,5.0,7.51,8.42,,,,,2024,0
RA-895,9.5,6.8,9.5,6.88,10.0,7.52,9.5,,,,,2023,0
RA-895,9.5,9.5,9.55,7.5,5.0,6.26,8.11,,,,,2024,0
RA-896,9.5,8.5,10.0,7.5,10.0,6.89,10.01,,,,,2023,1
RA-896,8.5,6.5,9.77,8.13,10.0,7.51,8.09,,,,,2024,0
RA-897,0.0,6.5,8.1,6.56,5.0,7.52,3.32,,,,,2023,1
RA-897,7.0,6.0,2.75,6.88,5.0,2.51,6.66,,,,,2024,0
RA-898,9.0,9.4,9.8,8.13,5.0,3.77,10.01,,,,,2023,1
RA-898,6.42,7.5,10.0,7.5,5.0,7.51,8.62,,,,,2024,0
RA-899,10.0,9.5,9.8,7.5,10.0,3.77,9.34,,,,,2023,1
RA-899,10.0,8.25,9.1,8.13,10.0,5.64,7.89,,,,,2024,0
RA-9,8.8,6.7,9.5,,5.0,7.5,9.5,8.11,Sem limitações,Sim,-1.0,2022,0
RA-90,10.0,8.5,9.7,,10.0,9.4,9.75,9.44,Sem limitações,Sim,2.0,2022,1
RA-90,10.0,7.7,9.6,8.59,10.0,7.52,8.17,9.44,,,,2023,0
RA-90,10.0,8.07,9.0,7.5,10.0,6.89,7.5,9.44,,,,2024,0
RA-900,9.0,7.8,9.8,8.13,10.0,9.38,8.67,,,,,2023,0
RA-900,9.0,8.5,9.32,8.13,10.0,8.13,8.56,,,,,2024,0
RA-901,8.5,7.5,8.7,6.25,5.0,3.77,8.6,,,,,2023,0
RA-902,10.0,3.9,9.3,5.31,2.5,2.52,6.5,,,,,2023,0
RA-903,10.0,7.8,9.6,7.5,10.0,5.02,9.01,,,,,2023,1
RA-903,10.0,5.0,9.77,7.81,10.0,7.51,7.95,,,,,2024,0
RA-904,9.0,6.4,9.3,7.81,10.0,7.52,7.84,,,,,2023,1
RA-904,9.5,6.0,8.75,7.5,5.0,7.51,8.67,,,,,2024,0
RA-905,9.5,8.3,9.4,6.88,5.0,7.52,7.06,,,,,2023,1
RA-905,9.0,3.0,7.78,6.88,5.0,7.51,6.99,,,,,2024,0
RA-906,7.5,8.6,9.2,7.5,10.0,7.52,6.95,,,,,2023,0
RA-907,9.5,9.3,9.6,8.13,10.0,7.52,8.34,,,,,2023,1
RA-907,9.0,8.75,8.94,7.5,5.0,7.51,7.5,,,,,2024,0
RA-908,9.0,7.9,9.0,8.13,10.0,7.52,8.22,,,,,2023,1
RA-908,8.5,4.75,8.14,7.19,5.0,7.51,6.83,,,,,2024,0
RA-909,10.0,9.2,9.9,8.13,5.0,7.52,8.06,,,,,2023,1
RA-909,10.0,8.25,8.17,6.88,5.0,7.51,7.5,,,,,2024,0
RA-91,9.2,6.6,5.7,,5.0,5.6,7.13,6.65,Requer avaliação,Não,-1.0,2022,0
RA-91,10.0,7.4,7.4,7.81,5.0,6.89,7.47,6.65,,,,2023,1
RA-91,10.0,7.33,7.48,7.88,5.0,5.64,8.07,6.64,,,,2024,0
RA-910,0.0,8.9,8.8,8.75,10.0,7.52,8.17,,,,,2023,1
RA-910,8.5,7.5,8.67,7.92,10.0,7.51,7.44,,,,,2024,0
RA-911,9.0,3.4,6.7,5.31,5.0,2.52,7.01,,,,,2023,0
RA-911,8.0,4.5,4.77,6.04,5.0,7.51,4.73,,,,,2024,0
RA-912,7.0,6.3,9.4,5.63,5.0,7.52,7.18,,,,,2023,0
RA-912,9.0,7.25,9.47,8.13,5.0,7.51,6.94,,,,,2024,0
RA-913,8.0,7.9,8.5,6.25,5.0,6.89,9.25,,,,,2023,0
RA-914,10.0,8.7,9.2,6.25,10.0,7.52,8.67,,,,,2023,0
RA-915,10.0,8.4,8.4,7.5,10.0,7.52,8.67,,,,,2023,0
RA-916,9.5,6.6,9.7,6.25,5.0,2.52,9.01,,,,,2023,1
RA-916,8.5,2.75,7.33,6.56,5.0,2.51,6.16,,,,,2024,0
RA-917,0.0,7.0,7.2,6.25,10.0,2.52,6.35,,,,,2023,0
RA-918,10.0,7.7,8.7,5.63,10.0,2.52,7.01,,,,,2023,1
RA-918,7.92,2.75,8.7,5.94,5.0,2.51,6.16,,,,,2024,0
RA-919,0.0,5.3,8.4,6.25,5.0,7.52,8.09,,,,,2023,1
RA-919,7.0,5.25,4.69,6.88,5.0,6.26,6.49,,,,,2024,0
RA-92,9.2,7.4,7.1,,5.0,5.0,6.67,6.96,Requer avaliação,Não,-1.0,2022,1
RA-92,9.6,6.7,9.4,7.19,5.0,5.63,7.05,6.96,,,,2023,0
RA-92,10.0,7.5,8.77,7.81,10.0,7.51,6.33,6.96,,,,2024,0
RA-920,9.0,6.1,6.3,5.63,10.0,7.52,6.35,,,,,2023,0
RA-920,9.5,8.25,7.67,7.19,5.0,7.51,8.23,,,,,2024,0
RA-921,9.0,6.3,9.7,5.63,10.0,7.52,6.68,,,,,2023,1
RA-921,8.5,6.0,8.66,7.5,5.0,7.51,7.5,,,,,2024,0
RA-922,8.5,8.4,9.7,7.5,10.0,3.14,10.01,,,,,2023,1
RA-922,9.0,7.75,9.52,7.81,10.0,7.51,8.17,,,,,2024,0
RA-923,9.5,7.3,9.9,7.5,10.0,7.52,10.01,,,,,2023,1
RA-923,8.0,5.5,7.95,8.13,10.0,7.51,8.17,,,,,2024,0
RA-924,9.0,5.0,5.6,5.63,10.0,7.52,5.93,,,,,2023,0
RA-924,7.0,7.0,4.6,7.19,5.0,7.51,7.42,,,,,2024,0
RA-925,9.0,5.4,8.9,5.63,10.0,7.52,5.6,,,,,2023,1
RA-925,8.0,4.75,7.01,7.19,5.0,7.51,7.33,,,,,2024,0
RA-926,9.0,6.8,10.0,7.5,5.0,3.77,9.51,,,,,2023,0
RA-926,9.0,7.0,9.77,8.33,5.0,7.51,7.22,,,,,2024,0
RA-927,9.0,6.4,9.7,7.5,5.0,3.77,9.26,,,,,2023,0
RA-927,8.0,6.5,9.32,8.33,10.0,7.51,7.22,,,,,2024,0
RA-928,8.5,9.8,10.0,8.75,10.0,7.52,9.67,,,,,2023,1
RA-928,8.0,8.75,10.0,8.54,10.0,7.51,8.59,,,,,2024,0
RA-929,8.5,8.8,9.8,8.75,10.0,7.52,9.67,,,,,2023,1
RA-929,9.0,6.75,9.47,8.13,5.0,7.51,7.58,,,,,2024,0
RA-93,8.3,8.5,9.7,,10.0,8.1,9.08,8.94,Sem limitações,Sim,0.0,2022,0
RA-93,7.9,,,,10.0,3.14,,8.94,,,,2023,0
RA-93,9.17,7.48,9.93,7.5,10.0,6.26,7.5,8.94,,,,2024,0
RA-930,9.0,9.0,8.8,8.75,10.0,7.52,9.0,,,,,2023,1
RA-930,8.5,8.0,9.74,7.81,5.0,7.51,7.5,,,,,2024,0
RA-931,8.5,7.8,8.2,5.63,10.0,2.52,7.6,,,,,2023,0
RA-931,7.92,8.5,8.58,7.5,5.0,2.51,6.83,,,,,2024,0
RA-932,9.5,7.5,7.9,8.13,10.0,7.52,9.0,,,,,2023,0
RA-933,9.0,7.7,8.4,8.75,10.0,7.52,9.67,,,,,2023,0
RA-934,9.0,8.7,9.6,9.38,10.0,7.52,9.67,,,,,2023,1
RA-934,9.5,8.5,9.75,9.38,5.0,7.51,7.75,,,,,2024,0
RA-935,0.0,9.4,9.8,9.38,5.0,7.52,9.67,,,,,2023,1
RA-935,9.5,8.5,10.0,8.75,5.0,7.51,7.83,,,,,2024,0
RA-936,9.0,6.5,10.0,8.13,10.0,7.52,8.92,,,,,2023,0
RA-937,9.5,9.2,9.6,9.38,10.0,7.52,9.67,,,,,2023,1
RA-937,10.0,7.5,10.0,8.75,5.0,9.38,7.83,,,,,2024,0
RA-938,8.5,4.2,8.4,6.25,5.0,7.52,7.5,,,,,2023,0
RA-938,9.5,7.75,9.54,8.13,5.0,7.51,7.67,,,,,2024,0
RA-939,9.0,5.4,10.0,7.5,5.0,7.52,10.01,,,,,2023,1
RA-939,9.0,5.0,8.88,8.13,5.0,5.63,7.5,,,,,2024,0
RA-94,8.3,7.7,9.6,,10.0,8.1,9.58,8.92,Sem limitações,Sim,0.0,2022,1
RA-94,7.5,7.2,9.6,8.75,5.0,2.52,7.8,8.92,,,,2023,0
RA-94,10.0,8.0,9.67,8.38,10.0,6.26,8.2,8.92,,,,2024,0
RA-940,9.0,6.3,8.4,6.25,5.0,2.52,7.02,,,,,2023,0
RA-941,8.0,5.0,10.0,5.0,10.0,7.52,8.18,,,,,2023,0
RA-941,8.0,8.75,9.25,8.13,5.0,5.01,7.67,,,,,2024,0
RA-942,9.5,7.1,8.9,5.63,5.0,2.52,7.0,,,,,2023,0
RA-943,9.5,8.0,9.4,7.5,10.0,7.52,9.93,,,,,2023,0
RA-943,10.0,8.0,10.0,8.96,10.0,7.51,8.59,,,,,2024,0
RA-944,9.0,7.5,7.6,5.63,5.0,7.52,6.67,,,,,2023,0
RA-944,9.0,9.0,7.25,8.75,5.0,7.51,7.75,,,,,2024,0
RA-945,8.5,7.9,9.2,6.88,10.0,7.52,6.84,,,,,2023,0
RA-945,9.0,8.75,9.51,7.5,5.0,2.51,6.83,,,,,2024,0
RA-946,9.5,9.3,9.4,7.5,10.0,7.52,7.0,,,,,2023,1
RA-946,9.5,4.5,8.8,7.5,5.0,2.51,7.84,,,,,2024,0
RA-947,9.0,3.3,7.9,4.38,10.0,7.52,5.08,,,,,2023,0
RA-947,9.0,4.5,7.62,5.63,5.0,7.51,4.58,,,,,2024,0
RA-948,9.0,0.0,7.6,6.88,10.0,7.52,8.34,,,,,2023,0
RA-949,9.5,8.9,8.1,6.25,10.0,7.52,6.5,,,,,2023,1
RA-949,9.0,6.5,8.79,6.25,5.0,7.51,6.5,,,,,2024,0
RA-95,8.3,4.8,6.6,,5.0,7.5,6.29,6.31,Sem limitações,Não,-2.0,2022,0
RA-950,9.0,9.3,10.0,7.5,10.0,7.52,8.17,,,,,2023,1
RA-950,9.5,7.0,9.02,6.88,5.0,7.51,8.0,,,,,2024,0
RA-951,9.5,8.4,9.7,7.5,10.0,7.52,9.09,,,,,2023,1
RA-951,10.0,4.0,9.04,6.25,5.0,2.51,7.33,,,,,2024,0
RA-952,9.5,9.0,9.2,7.19,10.0,3.77,8.43,,,,,2023,1
RA-952,9.5,8.5,9.55,8.33,10.0,6.26,9.18,,,,,2024,0
RA-953,7.4,8.3,8.8,6.56,10.0,3.14,7.09,,,,,2023,0
RA-953,9.0,8.5,6.86,8.13,10.0,6.26,7.76,,,,,2024,0
RA-954,0.0,7.7,8.3,7.19,10.0,3.14,8.01,,,,,2023,0
RA-954,9.5,7.75,8.88,8.13,10.0,6.26,7.84,,,,,2024,0
RA-955,9.0,7.8,8.8,6.88,5.0,3.14,7.09,,,,,2023,1
RA-955,0.0,5.75,6.9,8.13,5.0,7.51,8.26,,,,,2024,0
RA-956,8.0,7.8,7.5,7.5,5.0,7.52,9.35,,,,,2023,1
RA-956,9.5,3.25,6.02,7.08,5.0,6.89,7.09,,,,,2024,0
RA-957,10.0,9.1,9.3,7.5,10.0,7.52,9.93,,,,,2023,0
RA-958,10.0,9.3,9.8,7.5,10.0,7.52,9.84,,,,,2023,0
RA-958,10.0,10.0,10.0,9.53,10.0,6.26,9.76,,,,,2024,0
RA-959,10.0,7.7,9.6,6.88,10.0,7.52,8.84,,,,,2023,0
RA-959,10.0,9.5,9.74,7.81,5.0,7.51,7.5,,,,,2024,0
RA-96,9.2,6.7,7.8,,5.0,6.9,8.5,7.54,Sem limitações,Sim,-1.0,2022,1
RA-96,9.6,6.4,8.9,7.66,5.0,7.52,7.84,7.54,,,,2023,0
RA-96,,,0.0,,10.0,,,7.54,,,,2024,0
RA-960,8.5,6.3,10.0,5.63,5.0,7.52,5.85,,,,,2023,1
RA-960,0.0,3.0,8.1,7.5,5.0,7.51,5.33,,,,,2024,0
RA-961,0.0,6.2,8.7,5.31,5.0,2.52,8.67,,,,,2023,1
RA-961,9.0,5.5,8.89,5.94,5.0,6.26,5.16,,,,,2024,0
RA-962,9.0,8.7,9.2,7.5,5.0,7.52,10.01,,,,,2023,0
RA-963,9.5,8.5,9.8,7.5,5.0,7.52,10.01,,,,,2023,1
RA-963,7.5,7.5,9.76,8.13,10.0,7.51,8.05,,,,,2024,0
RA-964,8.5,7.2,9.4,6.88,5.0,7.52,8.5,,,,,2023,0
RA-964,9.5,7.25,8.33,7.97,5.0,7.51,7.17,,,,,2024,0
RA-965,8.5,4.7,8.2,5.0,5.0,6.27,7.18,,,,,2023,1
RA-965,9.0,2.25,6.48,8.75,5.0,7.51,6.83,,,,,2024,0
RA-966,10.0,5.0,10.0,6.56,5.0,7.52,7.68,,,,,2023,0
RA-966,9.5,9.0,8.57,8.13,5.0,7.51,7.34,,,,,2024,0
RA-967,9.5,6.5,8.0,5.63,5.0,7.52,7.35,,,,,2023,1
RA-967,9.5,4.75,3.57,5.78,5.0,7.51,5.0,,,,,2024,0
RA-968,9.0,8.3,9.7,7.5,5.0,7.52,10.01,,,,,2023,1
RA-968,9.0,7.75,8.81,8.44,5.0,7.51,7.67,,,,,2024,0
RA-969,8.5,5.5,9.7,6.25,10.0,7.52,7.51,,,,,2023,0
RA-969,9.0,7.25,7.86,8.13,5.0,7.51,7.34,,,,,2024,0
RA-97,7.5,6.9,8.8,,10.0,5.0,6.29,7.47,Não indicado,Não,0.0,2022,0
RA-970,8.5,9.4,8.1,9.38,10.0,7.52,9.84,,,,,2023,0
RA-971,7.8,6.9,6.4,5.63,10.0,3.77,8.17,,,,,2023,1
RA-971,7.42,6.75,7.91,7.5,5.0,7.51,6.09,,,,,2024,0
RA-972,9.0,6.0,9.1,6.88,10.0,3.77,7.84,,,,,2023,0
RA-972,9.5,6.75,8.39,8.75,5.0,7.51,7.17,,,,,2024,0
RA-973,0.0,5.2,8.6,7.19,5.0,3.77,7.42,,,,,2023,1
RA-973,10.0,3.75,9.32,7.5,5.0,7.51,6.59,,,,,2024,0
RA-974,9.0,8.8,9.1,7.5,10.0,3.77,9.34,,,,,2023,1
RA-974,9.5,6.5,9.28,7.5,5.0,7.51,7.5,,,,,2024,0
RA-975,7.9,6.5,9.2,5.63,10.0,7.52,7.67,,,,,2023,0
RA-975,8.5,8.0,7.71,6.88,5.0,5.01,7.33,,,,,2024,0
RA-976,9.5,8.6,9.2,5.94,10.0,6.27,8.34,,,,,2023,0
RA-977,8.5,5.8,7.4,5.63,10.0,5.02,8.09,,,,,2023,0
RA-977,10.0,7.0,7.29,6.88,5.0,6.26,7.58,,,,,2024,0
RA-978,9.0,8.6,9.8,5.63,10.0,3.77,9.34,,,,,2023,1
RA-978,9.5,6.5,9.5,6.88,5.0,6.26,7.5,,,,,2024,0
RA-979,9.5,6.0,9.6,5.63,10.0,6.27,9.51,,,,,2023,0
RA-979,9.5,8.25,9.52,8.13,5.0,7.51,7.34,,,,,2024,0
RA-98,8.8,8.5,10.0,,10.0,9.4,9.67,9.35,Sem limitações,Sim,0.0,2022,0
RA-98,7.9,,,,10.0,2.52,,9.35,,,,2023,0
RA-98,9.59,8.9,9.55,7.5,10.0,7.2,7.5,9.35,,,,2024,0
RA-980,0.0,6.3,9.8,5.63,10.0,5.02,9.34,,,,,2023,1
RA-980,9.0,6.25,9.06,7.5,10.0,7.51,7.42,,,,,2024,0
RA-981,9.5,5.8,9.1,5.63,10.0,2.52,9.01,,,,,2023,0
RA-981,9.0,6.0,7.01,6.25,5.0,6.26,6.99,,,,,2024,0
RA-982,0.0,8.6,9.1,5.63,10.0,2.52,8.84,,,,,2023,1
RA-982,10.0,8.25,8.37,6.88,10.0,7.51,6.79,,,,,2024,0
RA-983,8.5,8.8,9.9,6.25,10.0,2.52,9.42,,,,,2023,0
RA-984,8.0,8.3,9.8,6.88,10.0,7.52,9.84,,,,,2023,1
RA-984,9.5,7.0,9.76,8.13,10.0,7.51,8.05,,,,,2024,0
RA-985,9.0,6.8,9.3,5.63,10.0,2.52,8.5,,,,,2023,0
RA-985,8.5,7.5,10.0,7.5,10.0,6.26,7.59,,,,,2024,0
RA-986,9.5,8.3,9.1,5.63,10.0,2.52,8.83,,,,,2023,0
RA-986,10.0,8.5,9.3,7.08,10.0,6.26,6.83,,,,,2024,0
RA-987,0.0,7.3,9.8,6.88,10.0,6.27,9.76,,,,,2023,0
RA-987,9.0,7.5,9.07,7.71,10.0,7.51,7.84,,,,,2024,0
RA-988,7.9,8.5,8.1,6.25,5.0,7.52,9.84,,,,,2023,1
RA-988,9.5,7.75,10.0,8.33,5.0,7.51,7.96,,,,,2024,0
RA-989,9.5,8.3,8.1,7.5,5.0,2.52,10.01,,,,,2023,1
RA-989,9.5,6.0,7.86,7.19,10.0,6.26,6.54,,,,,2024,0
RA-99,8.8,5.0,6.3,,5.0,7.5,5.83,6.16,Não atendido,Não,-1.0,2022,1
RA-99,7.9,4.5,8.3,7.81,5.0,5.63,7.42,6.16,,,,2023,0
RA-990,0.0,7.8,8.5,7.5,5.0,7.52,10.01,,,,,2023,0
RA-990,9.5,8.0,7.5,8.44,5.0,7.51,8.34,,,,,2024,0
RA-991,10.0,7.7,9.1,6.88,5.0,3.14,9.59,,,,,2023,1
RA-991,9.0,6.5,8.18,7.5,5.0,6.26,6.72,,,,,2024,0
RA-992,9.5,8.0,8.2,5.0,5.0,3.14,8.84,,,,,2023,0
RA-993,9.5,8.6,9.8,7.5,10.0,3.77,10.01,,,,,2023,0
RA-994,9.5,6.0,9.4,5.63,10.0,3.77,7.27,,,,,2023,0
RA-994,9.0,8.25,9.53,6.88,5.0,6.88,7.33,,,,,2024,0
RA-995,9.5,5.1,7.9,6.25,5.0,3.77,7.18,,,,,2023,1
RA-995,10.0,2.0,5.39,7.19,5.0,5.64,4.25,,,,,2024,0
RA-996,10.0,8.6,9.2,7.5,5.0,3.77,10.01,,,,,2023,0
RA-997,7.5,7.1,8.7,5.63,10.0,3.77,8.6,,,,,2023,0
RA-998,9.5,7.9,9.3,7.5,5.0,3.77,9.84,,,,,2023,0
RA-999,9.0,8.3,9.4,7.5,5.0,3.77,9.84,,,,,2023,0
